order_id,customer_id,order_date,campaign_id
1,869,2022-11-15,16
2,595,2023-09-20,11
3,842,2023-10-22,16
4,32,2023-05-15,14
5,810,2023-12-02,16
6,1429,2023-07-16,13
7,583,2024-03-18,8
8,1195,2024-12-07,17
9,1387,2022-09-12,19
10,1156,2023-06-24,18
11,1476,2024-02-04,15
12,787,2023-05-21,1
13,1149,2024-04-11,11
14,806,2022-09-09,4
15,49,2023-01-28,3
16,1091,2023-11-16,13
17,1269,2023-04-24,17
18,1493,2024-11-14,11
19,746,2024-07-23,2
20,650,2024-02-15,4
21,457,2023-07-06,19
22,82,2022-06-08,16
23,79,2023-10-27,5
24,309,2024-09-15,4
25,729,2024-05-03,14
26,1117,2024-11-27,4
27,322,2024-03-31,5
28,1247,2023-06-25,2
29,1169,2022-07-10,16
30,358,2022-08-04,19
31,41,2023-08-30,2
32,116,2022-09-23,11
33,621,2024-10-15,4
34,891,2023-01-01,8
35,1226,2024-03-01,3
36,1229,2023-10-10,13
37,1227,2024-09-12,16
38,1166,2023-01-16,3
39,1254,2022-07-21,8
40,215,2023-01-18,14
41,453,2022-11-13,4
42,1067,2022-11-02,12
43,453,2024-04-03,15
44,499,2024-02-07,17
45,713,2023-10-15,16
46,394,2023-12-08,6
47,456,2023-05-12,3
48,423,2023-03-30,13
49,1159,2023-08-07,5
50,1,2024-01-30,4
51,594,2024-04-26,7
52,574,2024-07-06,19
53,1298,2024-04-08,20
54,23,2022-09-16,5
55,398,2022-08-16,1
56,804,2023-08-14,10
57,263,2023-12-17,11
58,125,2022-11-02,7
59,343,2022-03-26,10
60,1346,2022-02-12,15
61,1162,2024-12-16,14
62,755,2023-05-24,3
63,103,2023-07-10,16
64,304,2023-01-02,12
65,198,2023-10-02,7
66,926,2023-09-21,9
67,1353,2023-06-09,11
68,331,2023-03-31,10
69,1423,2024-12-29,16
70,630,2023-05-16,10
71,314,2024-08-23,2
72,492,2023-05-21,10
73,1073,2024-03-07,15
74,1223,2022-07-12,10
75,1409,2023-04-02,15
76,1237,2023-10-14,8
77,41,2024-09-28,20
78,930,2023-04-05,13
79,1343,2022-11-04,11
80,928,2022-07-29,14
81,355,2024-02-20,12
82,766,2024-08-31,9
83,491,2022-11-12,19
84,1335,2024-11-08,20
85,1025,2023-10-17,9
86,1052,2022-08-23,7
87,1301,2022-11-07,2
88,1025,2024-07-22,20
89,1415,2022-12-29,17
90,58,2024-09-29,15
91,1234,2023-02-02,1
92,1252,2022-06-19,3
93,165,2022-09-18,19
94,1426,2024-06-19,3
95,418,2023-02-27,11
96,766,2022-01-29,1
97,335,2023-07-13,1
98,853,2022-08-25,8
99,416,2023-06-24,20
100,1211,2022-09-24,15
101,384,2023-05-13,6
102,293,2024-07-07,3
103,675,2024-01-29,17
104,1189,2022-12-13,9
105,699,2024-11-19,12
106,201,2024-05-08,18
107,268,2024-05-20,11
108,1032,2022-12-29,3
109,730,2022-11-29,9
110,1129,2024-12-15,8
111,1110,2024-07-09,2
112,1400,2024-04-28,1
113,1476,2024-12-02,18
114,663,2023-04-26,5
115,115,2022-04-02,19
116,753,2023-06-18,3
117,559,2024-12-13,2
118,822,2023-05-15,12
119,198,2024-04-09,11
120,509,2022-11-05,10
121,92,2023-05-21,12
122,431,2023-02-11,11
123,1260,2024-05-24,5
124,820,2022-09-11,8
125,246,2022-02-20,4
126,1067,2022-09-18,19
127,499,2024-09-03,7
128,1198,2024-01-15,9
129,1094,2022-10-20,18
130,703,2024-03-26,6
131,420,2023-08-02,1
132,1167,2024-08-20,11
133,1296,2022-03-16,10
134,827,2024-11-03,4
135,309,2023-11-21,9
136,787,2022-01-31,6
137,944,2023-01-31,15
138,1372,2024-04-11,1
139,301,2024-10-02,12
140,684,2022-03-28,2
141,31,2023-07-16,17
142,592,2022-11-21,18
143,1491,2022-11-01,11
144,266,2024-10-01,3
145,461,2022-03-10,18
146,722,2022-03-24,9
147,870,2023-12-20,12
148,752,2023-09-20,3
149,1007,2024-02-02,20
150,1297,2022-06-10,4
151,1213,2023-09-01,7
152,776,2023-09-29,13
153,1443,2023-10-04,20
154,1149,2022-01-10,19
155,855,2024-01-26,18
156,1073,2022-11-28,10
157,433,2022-04-07,4
158,1261,2024-05-05,13
159,165,2023-01-20,12
160,1438,2024-01-27,17
161,749,2022-02-03,16
162,1485,2024-08-17,19
163,301,2023-04-30,1
164,201,2022-11-10,12
165,1089,2022-06-30,1
166,428,2022-08-16,3
167,568,2022-10-14,7
168,497,2023-01-04,4
169,528,2023-03-03,7
170,986,2024-11-05,3
171,1421,2023-10-18,11
172,1051,2024-02-03,11
173,1345,2023-09-20,9
174,7,2023-11-02,1
175,778,2024-10-29,20
176,333,2023-07-27,19
177,321,2024-06-25,3
178,700,2024-06-05,12
179,1280,2024-12-20,14
180,1074,2023-09-30,8
181,683,2023-06-15,17
182,69,2023-02-21,17
183,155,2023-04-16,19
184,736,2022-07-25,3
185,372,2023-01-24,6
186,183,2022-05-15,18
187,386,2022-11-18,14
188,897,2024-02-22,20
189,62,2022-11-10,19
190,384,2024-11-13,4
191,1421,2023-01-08,10
192,178,2022-10-09,14
193,1374,2022-10-11,5
194,808,2022-04-22,15
195,1497,2023-10-03,15
196,1250,2024-09-28,15
197,804,2022-03-05,12
198,488,2023-01-20,18
199,305,2023-05-26,13
200,42,2022-06-26,5
201,757,2022-07-08,10
202,548,2023-01-21,10
203,108,2024-02-26,7
204,525,2023-08-31,10
205,1092,2024-04-07,15
206,1305,2023-04-12,8
207,556,2023-05-14,20
208,527,2024-11-23,5
209,578,2022-11-14,16
210,247,2024-09-10,15
211,51,2023-08-26,1
212,37,2022-10-17,19
213,63,2024-09-25,15
214,680,2023-10-16,1
215,133,2024-12-08,17
216,457,2022-01-10,19
217,1310,2024-03-21,4
218,1236,2022-03-18,2
219,695,2024-06-23,8
220,1329,2024-08-10,14
221,351,2022-05-25,7
222,1475,2022-10-06,3
223,551,2024-07-18,19
224,1479,2024-04-10,12
225,840,2022-06-27,14
226,461,2024-05-18,1
227,621,2023-11-21,7
228,1209,2023-09-10,6
229,125,2024-12-07,7
230,113,2023-06-12,16
231,1192,2022-04-22,20
232,1311,2024-10-16,11
233,1281,2022-04-16,11
234,132,2022-01-31,2
235,285,2023-01-06,11
236,152,2024-07-12,14
237,428,2024-08-06,9
238,1419,2024-04-22,6
239,277,2023-05-10,3
240,275,2022-05-22,12
241,311,2023-02-19,18
242,1087,2023-01-18,3
243,705,2024-08-11,11
244,661,2024-12-04,18
245,398,2022-09-08,13
246,951,2022-05-28,18
247,1428,2023-07-16,12
248,338,2023-06-21,19
249,1400,2023-04-20,3
250,444,2024-02-22,6
251,967,2024-09-18,8
252,526,2023-11-04,11
253,908,2024-07-04,10
254,815,2024-05-19,15
255,1155,2023-10-16,19
256,1403,2024-01-02,9
257,1108,2024-02-20,8
258,75,2022-08-07,7
259,841,2023-03-21,4
260,203,2024-01-08,19
261,437,2023-09-25,11
262,304,2024-04-23,16
263,1358,2023-03-03,16
264,1008,2022-03-14,10
265,1182,2022-07-09,5
266,736,2022-12-16,6
267,648,2022-02-02,4
268,1317,2023-05-13,14
269,205,2023-05-26,3
270,289,2023-12-11,3
271,482,2023-01-12,12
272,895,2022-04-09,11
273,46,2024-03-12,11
274,1361,2024-08-11,7
275,6,2023-07-13,7
276,466,2023-04-23,2
277,130,2023-10-05,12
278,467,2023-06-09,19
279,1156,2024-10-05,9
280,1043,2023-11-12,18
281,676,2023-05-28,5
282,313,2023-12-21,12
283,1166,2023-01-04,4
284,444,2023-03-31,5
285,451,2022-05-05,12
286,1422,2022-04-23,9
287,218,2024-09-21,1
288,15,2022-07-02,7
289,281,2023-09-05,8
290,288,2023-07-21,6
291,436,2024-07-01,7
292,1489,2024-09-24,2
293,235,2024-06-19,14
294,204,2024-07-06,15
295,992,2024-11-05,13
296,947,2023-10-28,7
297,407,2022-08-19,3
298,1258,2024-08-06,19
299,110,2022-03-25,13
300,335,2022-05-24,4
301,1134,2022-04-22,5
302,556,2022-03-13,3
303,602,2024-03-03,17
304,1335,2023-06-18,2
305,58,2023-06-29,18
306,1185,2023-04-12,7
307,5,2024-02-16,16
308,492,2024-05-22,8
309,1484,2024-03-09,7
310,329,2023-01-02,7
311,770,2023-08-03,20
312,196,2023-10-23,4
313,1394,2022-08-20,13
314,689,2023-04-18,12
315,1468,2024-11-18,12
316,1108,2022-06-30,15
317,1367,2024-03-31,12
318,230,2022-06-22,11
319,1472,2023-05-03,15
320,1189,2023-02-16,16
321,374,2023-02-27,2
322,1175,2024-10-02,13
323,578,2022-03-15,17
324,634,2023-12-05,11
325,114,2023-11-13,5
326,181,2024-04-11,15
327,1495,2024-02-25,20
328,809,2024-01-30,7
329,384,2022-05-29,9
330,1173,2024-12-18,19
331,1393,2024-11-01,12
332,872,2022-02-09,13
333,543,2023-12-01,4
334,1284,2022-09-08,6
335,702,2024-10-14,12
336,454,2022-09-06,7
337,749,2024-11-02,13
338,72,2022-02-14,20
339,346,2022-11-14,18
340,67,2023-12-12,19
341,327,2022-09-13,9
342,764,2023-10-07,3
343,1196,2022-07-27,11
344,1252,2023-07-26,7
345,197,2022-12-12,6
346,1326,2022-03-31,16
347,1190,2024-07-11,13
348,1292,2022-04-28,13
349,160,2022-08-29,19
350,1438,2024-08-04,12
351,1077,2024-02-28,4
352,727,2022-12-14,20
353,376,2022-05-21,2
354,878,2022-09-09,4
355,187,2023-05-13,7
356,1418,2023-04-02,14
357,1245,2024-06-17,12
358,1285,2022-03-28,5
359,1152,2023-09-18,19
360,569,2024-02-05,19
361,1298,2024-04-28,16
362,815,2023-12-30,20
363,636,2023-04-29,9
364,249,2023-05-17,5
365,918,2022-10-28,3
366,1039,2024-01-01,5
367,484,2024-09-29,8
368,183,2024-06-07,20
369,962,2022-02-06,10
370,912,2022-07-14,16
371,935,2024-03-14,17
372,68,2024-10-28,14
373,612,2022-01-24,8
374,977,2022-10-31,11
375,729,2022-03-27,9
376,1026,2023-06-19,10
377,620,2024-01-14,14
378,989,2023-12-28,2
379,1033,2022-03-20,20
380,292,2024-04-03,9
381,32,2022-08-25,4
382,319,2024-10-09,1
383,678,2022-05-05,13
384,1049,2024-10-08,8
385,1448,2022-08-02,5
386,42,2022-11-08,10
387,324,2024-01-27,20
388,910,2024-09-05,3
389,1467,2022-11-08,5
390,1021,2024-12-15,3
391,1249,2024-03-17,5
392,129,2023-07-09,17
393,7,2022-05-31,6
394,736,2024-01-07,6
395,1218,2022-02-15,19
396,928,2022-01-21,13
397,363,2023-04-30,14
398,1126,2024-07-17,15
399,1376,2024-12-17,2
400,1072,2024-06-04,6
401,268,2024-12-14,12
402,475,2024-06-14,14
403,8,2022-07-06,8
404,557,2023-05-23,20
405,1476,2022-05-24,12
406,667,2024-08-11,6
407,791,2023-07-13,14
408,1281,2023-03-21,17
409,977,2024-05-16,17
410,837,2023-09-01,4
411,1132,2024-09-14,3
412,1077,2023-01-04,13
413,526,2023-02-03,17
414,33,2023-08-31,4
415,1390,2023-05-29,14
416,1247,2022-09-28,2
417,1205,2022-07-07,14
418,132,2024-11-14,6
419,1144,2024-12-09,18
420,1365,2022-05-28,10
421,1131,2024-11-16,4
422,833,2024-09-01,16
423,836,2024-11-29,2
424,453,2023-04-09,15
425,433,2024-12-08,12
426,313,2024-05-03,10
427,443,2022-11-12,18
428,1130,2022-12-31,19
429,101,2023-04-20,19
430,1089,2023-10-14,20
431,665,2022-10-07,19
432,227,2023-01-18,13
433,668,2024-05-30,19
434,1404,2024-11-22,11
435,1214,2023-02-17,18
436,1436,2022-05-10,10
437,1342,2024-05-31,10
438,160,2022-09-05,20
439,859,2022-11-25,3
440,145,2024-10-14,1
441,580,2023-12-31,16
442,264,2024-11-21,14
443,1363,2023-02-16,9
444,689,2024-11-14,1
445,597,2023-12-16,10
446,1164,2022-07-03,18
447,1280,2024-01-03,9
448,806,2023-04-05,16
449,646,2022-08-22,9
450,534,2024-06-24,8
451,827,2023-09-21,13
452,468,2024-09-13,12
453,1025,2022-12-19,14
454,802,2024-04-06,2
455,74,2024-09-08,19
456,639,2024-06-28,7
457,162,2022-11-30,19
458,889,2023-07-05,3
459,451,2022-03-29,8
460,52,2022-03-24,17
461,1260,2022-04-29,2
462,1323,2024-11-28,17
463,246,2024-07-10,6
464,376,2024-11-29,2
465,7,2022-07-23,20
466,611,2024-10-04,11
467,724,2024-12-03,14
468,592,2024-02-06,10
469,1373,2023-02-02,11
470,827,2023-09-14,5
471,1398,2023-05-26,9
472,440,2023-06-17,16
473,1354,2024-11-17,12
474,706,2024-12-21,12
475,838,2024-08-23,3
476,737,2022-12-29,15
477,1276,2024-09-09,15
478,475,2023-11-12,9
479,414,2024-05-25,2
480,676,2023-08-02,14
481,789,2023-11-29,20
482,314,2024-08-11,3
483,933,2023-10-04,15
484,1013,2023-12-11,3
485,1195,2024-09-08,10
486,1245,2024-05-25,6
487,1144,2024-01-31,12
488,1407,2022-07-10,2
489,1123,2023-11-28,18
490,530,2024-11-08,10
491,1113,2024-03-19,13
492,798,2023-12-08,16
493,872,2022-10-28,1
494,409,2022-09-14,11
495,1266,2022-01-04,9
496,537,2023-11-17,17
497,875,2023-02-15,19
498,133,2024-12-24,10
499,332,2023-06-28,10
500,1018,2024-01-26,16
501,872,2022-04-27,8
502,1399,2022-07-28,2
503,1171,2022-07-09,6
504,1472,2022-07-23,18
505,109,2023-05-16,6
506,270,2022-03-26,16
507,197,2023-12-23,19
508,871,2023-03-31,7
509,515,2022-09-26,17
510,634,2022-07-11,11
511,299,2023-06-28,16
512,518,2023-06-26,13
513,977,2022-08-18,19
514,1187,2023-04-03,9
515,603,2023-12-08,11
516,681,2024-11-15,1
517,440,2024-12-31,5
518,706,2023-02-07,4
519,418,2022-05-14,11
520,970,2023-06-07,10
521,1413,2022-12-06,14
522,1008,2022-10-11,17
523,69,2022-10-04,9
524,706,2023-10-28,20
525,272,2024-02-18,3
526,794,2023-08-15,5
527,648,2022-11-10,9
528,1309,2023-10-24,17
529,1264,2023-12-09,1
530,190,2024-11-29,8
531,596,2024-07-30,9
532,1035,2024-04-10,17
533,577,2022-08-20,13
534,599,2022-07-17,19
535,1328,2023-02-07,16
536,1106,2022-12-08,16
537,408,2022-08-16,7
538,126,2024-07-19,3
539,1184,2023-08-26,14
540,1195,2022-05-04,14
541,1329,2024-03-23,20
542,130,2022-02-15,10
543,390,2023-08-24,8
544,793,2022-05-16,9
545,1310,2022-02-28,12
546,368,2024-01-09,7
547,1240,2024-01-09,1
548,145,2022-05-14,1
549,1201,2022-09-30,16
550,255,2023-02-15,12
551,314,2022-11-06,20
552,49,2022-08-21,16
553,725,2024-03-22,4
554,192,2023-10-22,6
555,1101,2024-05-17,5
556,1223,2024-10-10,17
557,1011,2023-01-10,3
558,1045,2023-02-18,10
559,1252,2024-06-22,19
560,373,2022-07-13,5
561,35,2024-05-20,1
562,1301,2024-05-26,19
563,986,2022-01-26,10
564,117,2022-06-02,2
565,692,2023-08-09,16
566,745,2024-12-14,17
567,576,2024-03-11,18
568,946,2023-06-14,18
569,869,2024-04-12,19
570,199,2023-01-19,2
571,516,2023-07-11,15
572,94,2022-04-14,17
573,681,2022-07-10,5
574,336,2023-12-08,11
575,1300,2023-01-13,7
576,1457,2023-02-07,19
577,829,2022-07-02,14
578,415,2023-02-27,5
579,534,2022-09-01,11
580,1360,2024-04-24,20
581,993,2023-10-27,19
582,776,2023-09-19,13
583,579,2022-05-05,5
584,356,2022-05-09,18
585,1462,2023-06-26,1
586,1296,2022-01-24,9
587,1147,2022-10-28,7
588,241,2023-12-06,13
589,749,2022-04-06,17
590,1464,2024-09-15,10
591,678,2024-04-06,15
592,447,2022-07-28,3
593,131,2024-02-05,13
594,157,2023-01-07,14
595,686,2022-09-02,15
596,751,2022-10-22,9
597,589,2022-03-12,11
598,822,2022-05-27,9
599,1132,2024-08-31,11
600,530,2023-01-10,17
601,451,2024-02-19,9
602,870,2022-10-15,5
603,420,2022-12-31,8
604,925,2024-07-14,15
605,415,2022-07-23,6
606,1120,2024-06-20,2
607,1050,2023-01-05,5
608,556,2022-06-27,15
609,991,2024-02-01,13
610,1265,2024-02-21,12
611,440,2024-08-24,7
612,1415,2022-07-03,6
613,1228,2024-08-22,20
614,964,2024-10-30,7
615,170,2022-06-22,7
616,1157,2024-11-27,9
617,1258,2023-12-28,14
618,1295,2023-02-11,15
619,1335,2024-08-03,2
620,1290,2023-07-19,6
621,1130,2024-01-29,6
622,429,2023-04-08,8
623,889,2022-08-05,12
624,217,2022-09-15,10
625,376,2024-02-29,20
626,44,2024-07-04,4
627,740,2023-10-29,20
628,415,2024-11-29,17
629,662,2022-06-28,16
630,653,2024-08-14,12
631,1338,2022-07-13,15
632,42,2024-02-14,2
633,71,2023-08-02,7
634,545,2022-11-30,17
635,471,2024-02-27,18
636,1464,2024-08-10,10
637,743,2024-11-23,13
638,306,2022-03-25,17
639,33,2024-12-13,17
640,1029,2023-07-29,12
641,764,2022-01-29,12
642,1104,2023-02-21,1
643,1164,2024-09-05,11
644,1243,2024-04-13,4
645,299,2022-07-22,11
646,139,2023-06-13,17
647,225,2024-09-07,10
648,537,2022-07-30,12
649,1276,2022-07-17,13
650,1463,2023-08-09,4
651,1209,2023-05-05,6
652,1026,2024-09-09,11
653,961,2024-07-22,2
654,1195,2022-04-08,11
655,753,2024-10-05,10
656,761,2024-11-28,18
657,1322,2022-08-17,19
658,1381,2022-04-14,11
659,25,2024-05-27,1
660,1024,2022-02-16,16
661,312,2024-10-26,17
662,373,2023-12-07,8
663,1490,2022-11-01,19
664,1201,2022-05-26,1
665,661,2024-11-17,11
666,686,2023-02-21,14
667,532,2023-06-16,17
668,853,2022-05-01,7
669,848,2023-12-09,1
670,744,2024-12-14,19
671,660,2023-01-26,6
672,40,2023-05-23,12
673,1204,2023-06-24,7
674,556,2023-12-12,7
675,946,2023-12-16,7
676,1251,2023-02-18,7
677,1279,2023-09-15,17
678,1147,2024-04-28,6
679,1326,2024-09-18,8
680,1167,2022-10-30,6
681,759,2023-10-30,2
682,122,2022-08-18,15
683,501,2023-11-29,9
684,1010,2024-10-11,9
685,1030,2024-04-17,18
686,325,2023-04-11,4
687,1021,2022-10-29,5
688,731,2022-08-27,2
689,662,2022-03-31,18
690,887,2023-07-17,7
691,827,2024-03-06,2
692,1499,2022-02-17,2
693,300,2024-06-27,9
694,1284,2022-12-16,1
695,1410,2023-01-01,5
696,555,2022-12-06,6
697,373,2024-05-29,8
698,479,2022-09-20,7
699,734,2024-10-24,9
700,1101,2022-08-22,4
701,1052,2023-05-19,14
702,169,2024-11-04,15
703,1176,2022-04-04,4
704,573,2022-10-19,5
705,832,2022-11-22,10
706,978,2024-04-02,7
707,1452,2024-09-06,3
708,451,2024-06-14,2
709,539,2024-06-28,6
710,254,2023-01-06,4
711,28,2023-08-06,6
712,1354,2022-11-25,3
713,646,2023-01-30,2
714,566,2022-07-03,5
715,530,2022-10-10,4
716,1018,2023-02-14,2
717,131,2024-09-01,6
718,723,2022-08-09,12
719,1245,2024-05-02,15
720,756,2024-07-10,10
721,500,2022-02-20,5
722,370,2023-08-31,1
723,475,2022-11-14,19
724,1374,2024-01-15,7
725,826,2022-06-28,17
726,1420,2022-09-08,6
727,420,2022-12-26,15
728,1226,2024-12-22,12
729,501,2022-11-24,15
730,714,2022-03-11,11
731,1493,2024-06-02,3
732,552,2023-12-15,20
733,1131,2023-10-04,12
734,1424,2022-01-21,14
735,1487,2022-05-15,17
736,1005,2022-05-02,16
737,173,2022-02-04,19
738,1034,2023-01-11,18
739,550,2022-06-13,13
740,985,2022-06-14,6
741,124,2024-01-25,12
742,1289,2024-06-02,9
743,473,2022-12-14,19
744,176,2024-05-07,7
745,648,2022-05-31,12
746,83,2024-01-19,19
747,208,2022-05-10,13
748,138,2024-11-20,14
749,772,2023-10-31,3
750,1362,2024-03-30,8
751,543,2024-11-06,19
752,549,2022-02-19,14
753,1131,2024-09-12,4
754,977,2022-05-05,7
755,369,2023-10-11,20
756,1421,2022-12-20,3
757,260,2024-11-14,9
758,1208,2022-10-02,9
759,1107,2023-01-28,15
760,1352,2023-10-10,14
761,1383,2024-10-27,7
762,138,2022-07-06,8
763,1300,2022-01-12,16
764,603,2024-10-09,19
765,451,2023-03-09,1
766,782,2023-01-12,1
767,394,2023-06-09,20
768,544,2022-11-11,15
769,91,2022-12-15,8
770,374,2022-12-17,9
771,501,2022-07-08,6
772,1149,2023-12-30,19
773,601,2024-11-30,18
774,461,2022-07-19,19
775,453,2022-07-28,6
776,358,2024-07-12,7
777,731,2024-01-12,20
778,659,2024-02-13,6
779,921,2024-09-29,19
780,936,2023-01-23,19
781,227,2022-11-10,2
782,1414,2024-05-23,20
783,130,2022-03-18,14
784,268,2022-10-18,20
785,238,2022-12-17,3
786,345,2022-10-23,14
787,1228,2023-07-26,11
788,674,2023-03-06,1
789,186,2024-09-14,7
790,970,2024-06-16,11
791,123,2024-12-16,10
792,900,2022-09-29,6
793,643,2024-03-24,14
794,222,2023-08-07,15
795,976,2023-04-29,7
796,119,2023-02-28,20
797,368,2024-12-15,7
798,1318,2024-09-03,14
799,167,2022-02-26,1
800,1485,2023-11-11,17
801,1134,2024-09-08,15
802,1015,2024-05-10,17
803,354,2024-10-08,17
804,651,2022-05-23,6
805,579,2024-04-08,19
806,1051,2022-01-20,1
807,1138,2023-08-23,9
808,1088,2024-11-07,7
809,1,2022-03-29,6
810,331,2024-09-13,4
811,1113,2023-02-18,20
812,979,2022-05-10,3
813,673,2024-02-24,14
814,934,2023-03-14,9
815,990,2022-01-26,8
816,1331,2024-04-01,9
817,1320,2022-07-11,3
818,1235,2024-03-07,5
819,237,2024-09-24,1
820,954,2023-09-28,11
821,549,2022-04-14,9
822,1015,2023-04-29,18
823,225,2022-09-21,1
824,921,2022-05-25,1
825,6,2022-06-29,17
826,593,2023-11-27,3
827,1245,2024-03-02,13
828,1373,2023-05-17,6
829,28,2024-11-30,15
830,883,2022-06-12,5
831,525,2022-03-24,19
832,592,2023-01-13,19
833,1100,2022-02-25,14
834,703,2023-11-26,6
835,1039,2023-03-25,19
836,239,2022-07-29,5
837,681,2024-02-23,16
838,1332,2022-09-04,16
839,644,2022-10-19,12
840,1420,2024-09-12,18
841,1233,2023-07-02,20
842,974,2024-02-08,5
843,853,2024-02-11,9
844,1376,2023-04-18,14
845,836,2024-08-08,5
846,761,2024-10-05,15
847,547,2022-07-30,19
848,1069,2023-09-30,17
849,1249,2022-03-23,7
850,239,2023-02-06,13
851,156,2023-04-27,4
852,995,2023-11-06,17
853,551,2022-09-17,7
854,1341,2022-05-27,3
855,898,2024-09-06,11
856,697,2024-07-09,11
857,575,2024-12-17,8
858,513,2023-08-29,5
859,392,2023-12-22,3
860,954,2022-05-11,16
861,1392,2023-07-12,5
862,732,2022-04-29,18
863,300,2022-02-12,11
864,1384,2022-01-08,10
865,725,2024-08-18,4
866,1309,2024-09-25,15
867,671,2024-04-19,8
868,916,2024-08-15,14
869,403,2024-09-08,18
870,1379,2024-08-30,7
871,1119,2023-10-29,2
872,1259,2022-10-29,10
873,316,2024-09-21,13
874,145,2022-06-15,15
875,806,2023-08-11,14
876,83,2022-08-15,9
877,430,2024-01-12,9
878,1389,2024-03-28,16
879,1454,2024-04-16,1
880,1051,2022-09-16,8
881,526,2024-08-14,5
882,420,2023-09-01,20
883,719,2022-10-21,16
884,1440,2024-07-21,13
885,412,2022-11-06,1
886,905,2022-02-27,13
887,1167,2023-12-09,16
888,1404,2022-01-28,3
889,295,2024-01-06,11
890,1233,2023-03-11,3
891,714,2024-08-16,9
892,969,2023-08-02,13
893,366,2023-01-17,16
894,1130,2022-11-29,1
895,1368,2024-06-29,13
896,259,2023-08-14,13
897,1461,2024-05-30,18
898,1198,2022-12-30,13
899,1482,2022-01-04,18
900,340,2022-02-01,8
901,87,2024-08-01,10
902,1368,2024-01-26,2
903,1118,2023-01-28,1
904,297,2023-08-07,4
905,1164,2024-05-23,7
906,1203,2023-12-16,12
907,772,2022-10-12,5
908,505,2023-05-21,3
909,1295,2023-04-17,4
910,1370,2022-09-29,16
911,1481,2024-01-02,13
912,476,2023-05-17,17
913,1380,2022-04-09,9
914,1090,2024-02-27,5
915,196,2023-06-14,19
916,1251,2022-09-15,4
917,109,2023-06-22,7
918,623,2023-07-13,20
919,187,2023-05-14,1
920,1196,2022-06-22,5
921,1448,2022-07-10,19
922,1068,2022-02-15,12
923,1173,2024-08-15,1
924,1138,2022-11-12,3
925,303,2023-03-05,4
926,516,2023-04-14,4
927,1151,2022-12-15,11
928,1455,2022-08-01,17
929,1180,2022-05-07,4
930,191,2024-12-07,18
931,102,2022-11-11,12
932,959,2023-09-14,16
933,1414,2023-12-18,1
934,653,2024-01-02,4
935,931,2022-12-12,11
936,11,2023-05-05,2
937,825,2024-06-27,14
938,774,2023-12-01,11
939,44,2024-07-04,20
940,292,2023-12-06,13
941,557,2023-05-04,1
942,1101,2023-05-26,11
943,1315,2022-03-01,14
944,531,2022-07-05,18
945,1033,2023-12-15,3
946,240,2024-03-17,9
947,373,2023-03-21,11
948,3,2024-11-02,15
949,939,2022-05-24,7
950,304,2022-12-24,9
951,1267,2022-01-08,9
952,47,2023-09-24,12
953,1393,2024-09-11,5
954,589,2022-08-18,14
955,203,2024-07-17,17
956,242,2022-11-10,5
957,61,2024-02-19,15
958,692,2023-02-02,8
959,614,2023-05-27,14
960,89,2022-04-30,13
961,884,2023-12-27,6
962,841,2022-07-01,7
963,1330,2022-06-17,1
964,764,2022-01-14,1
965,808,2023-07-03,20
966,1264,2023-09-03,16
967,151,2022-07-17,8
968,281,2024-06-17,3
969,624,2022-04-17,5
970,1363,2022-05-09,16
971,343,2022-08-11,2
972,1090,2022-01-03,5
973,883,2023-06-20,4
974,1451,2022-08-07,20
975,1500,2024-12-26,4
976,193,2022-03-01,18
977,1369,2023-03-25,6
978,849,2023-10-03,15
979,1319,2024-02-23,6
980,528,2023-09-27,7
981,387,2024-07-24,13
982,1445,2024-06-29,1
983,234,2024-03-25,1
984,1223,2023-10-14,3
985,1343,2023-05-14,13
986,219,2023-06-01,6
987,521,2023-01-20,17
988,373,2023-06-26,16
989,583,2024-12-22,2
990,856,2022-06-25,1
991,954,2023-10-19,5
992,576,2023-03-15,16
993,1076,2022-10-30,11
994,412,2024-06-16,10
995,295,2024-10-20,14
996,1411,2022-11-26,10
997,1442,2024-03-16,19
998,331,2023-12-20,13
999,263,2022-04-04,4
1000,93,2022-08-14,13
1001,804,2022-04-09,19
1002,201,2023-11-13,8
1003,395,2024-03-20,2
1004,1304,2024-03-05,7
1005,1177,2024-12-17,1
1006,1145,2022-10-26,17
1007,1030,2024-08-08,1
1008,588,2024-08-20,16
1009,382,2022-07-19,11
1010,523,2022-07-07,16
1011,84,2023-09-13,9
1012,424,2024-07-15,3
1013,662,2023-07-12,3
1014,1400,2022-02-11,4
1015,665,2023-09-23,11
1016,283,2024-10-06,14
1017,557,2023-02-05,20
1018,1161,2022-04-28,15
1019,502,2022-03-15,3
1020,1123,2022-08-18,7
1021,694,2023-08-13,18
1022,398,2022-03-15,8
1023,1284,2024-04-10,11
1024,974,2023-08-16,13
1025,1287,2023-11-11,10
1026,938,2023-12-28,4
1027,960,2024-12-14,4
1028,244,2022-01-16,17
1029,846,2022-10-28,12
1030,1244,2022-01-20,8
1031,927,2024-08-16,16
1032,1028,2023-09-23,20
1033,907,2024-09-04,3
1034,1284,2023-06-29,8
1035,1258,2023-03-18,13
1036,1120,2023-11-21,8
1037,835,2024-02-06,9
1038,841,2022-05-26,19
1039,879,2024-07-02,6
1040,1494,2023-12-07,12
1041,403,2023-01-19,17
1042,71,2024-12-04,2
1043,833,2024-02-18,1
1044,1162,2023-04-09,14
1045,1366,2022-07-08,3
1046,415,2022-04-14,5
1047,605,2023-04-02,12
1048,1209,2023-08-08,19
1049,1448,2024-09-14,20
1050,1044,2023-09-30,10
1051,1229,2022-10-19,19
1052,1097,2022-09-16,17
1053,860,2023-04-11,16
1054,1485,2022-02-18,2
1055,1009,2023-05-16,20
1056,1379,2022-07-10,18
1057,1068,2023-02-16,13
1058,279,2024-08-02,6
1059,1298,2024-12-04,2
1060,1489,2024-04-29,19
1061,900,2022-10-27,1
1062,452,2024-04-30,4
1063,404,2023-10-09,17
1064,451,2022-09-21,18
1065,392,2023-12-22,16
1066,344,2022-03-17,9
1067,1177,2023-02-21,4
1068,1069,2024-08-12,15
1069,1479,2024-10-02,3
1070,352,2022-09-19,2
1071,843,2022-11-04,18
1072,500,2022-06-11,12
1073,89,2023-12-11,15
1074,520,2024-08-26,20
1075,1049,2022-01-14,3
1076,1415,2024-04-05,3
1077,574,2022-08-17,2
1078,1024,2024-09-14,13
1079,878,2022-04-21,18
1080,461,2024-02-18,17
1081,808,2023-10-05,6
1082,1065,2023-10-20,5
1083,333,2023-10-22,20
1084,1456,2023-07-31,20
1085,1154,2022-06-13,14
1086,1019,2024-06-30,7
1087,164,2024-01-09,18
1088,798,2023-03-28,9
1089,467,2023-12-07,4
1090,1497,2022-11-14,12
1091,575,2023-03-27,6
1092,70,2024-08-04,8
1093,1131,2023-10-27,15
1094,612,2023-03-24,1
1095,18,2022-02-10,20
1096,558,2022-05-12,15
1097,1305,2023-07-04,2
1098,431,2022-07-16,15
1099,1132,2023-08-30,12
1100,1371,2023-08-03,10
1101,1240,2024-12-15,9
1102,1400,2024-11-15,2
1103,668,2024-05-06,12
1104,1492,2024-06-27,17
1105,616,2024-05-12,12
1106,331,2023-08-30,12
1107,841,2022-09-20,14
1108,878,2023-10-28,17
1109,918,2023-06-20,1
1110,283,2023-07-17,10
1111,157,2023-08-22,12
1112,1007,2022-02-24,12
1113,630,2022-09-08,16
1114,544,2022-07-08,4
1115,704,2022-03-04,11
1116,1254,2024-04-29,8
1117,263,2022-09-11,2
1118,479,2023-07-09,9
1119,1215,2023-12-14,5
1120,1106,2022-02-14,17
1121,349,2024-01-21,8
1122,1334,2023-09-12,5
1123,259,2022-02-09,11
1124,950,2022-04-11,17
1125,1285,2023-07-15,2
1126,296,2022-08-22,9
1127,819,2022-04-17,15
1128,1017,2022-07-06,3
1129,1240,2023-10-16,13
1130,1126,2023-07-26,8
1131,1126,2023-10-07,15
1132,910,2023-03-29,18
1133,689,2022-05-03,6
1134,1331,2024-10-02,1
1135,1236,2022-07-21,14
1136,205,2023-07-16,1
1137,299,2023-10-09,14
1138,865,2023-05-20,9
1139,476,2024-03-08,12
1140,326,2024-12-02,7
1141,970,2023-09-25,16
1142,1238,2024-04-26,4
1143,1141,2024-03-05,3
1144,1430,2022-03-08,8
1145,1423,2023-05-05,6
1146,987,2024-04-30,15
1147,341,2024-02-26,11
1148,138,2024-03-24,4
1149,180,2024-10-01,20
1150,1446,2024-08-18,9
1151,801,2023-03-14,4
1152,1232,2024-12-09,18
1153,118,2022-12-18,14
1154,1058,2022-07-03,13
1155,1349,2023-10-23,6
1156,1400,2022-02-14,15
1157,968,2022-08-19,19
1158,1004,2024-02-27,17
1159,817,2022-06-24,2
1160,1146,2023-06-08,19
1161,1461,2024-06-24,5
1162,737,2022-08-17,11
1163,139,2023-05-01,15
1164,254,2024-09-28,7
1165,1103,2023-10-14,1
1166,194,2022-01-01,4
1167,233,2024-11-19,6
1168,950,2022-05-31,5
1169,328,2024-02-01,1
1170,603,2024-10-01,5
1171,323,2023-03-24,14
1172,1269,2022-09-17,14
1173,898,2022-03-03,4
1174,422,2023-09-17,16
1175,1187,2023-07-10,12
1176,1496,2023-05-13,13
1177,985,2024-12-23,4
1178,1223,2023-11-28,6
1179,1252,2022-08-11,15
1180,1045,2022-06-07,2
1181,917,2023-10-12,12
1182,568,2023-10-19,18
1183,170,2022-03-12,5
1184,995,2023-03-12,11
1185,1331,2024-01-17,8
1186,167,2024-11-17,16
1187,1300,2023-08-08,18
1188,337,2024-09-08,1
1189,466,2024-04-16,5
1190,103,2024-08-24,13
1191,1439,2023-06-05,5
1192,580,2022-04-14,17
1193,1452,2024-12-24,17
1194,682,2022-11-03,20
1195,1269,2023-03-02,7
1196,1275,2024-05-12,1
1197,1242,2022-01-12,13
1198,610,2023-12-22,8
1199,1304,2024-05-24,11
1200,1465,2023-12-12,16
1201,863,2023-12-17,12
1202,431,2024-04-19,1
1203,960,2023-09-19,5
1204,126,2023-10-25,6
1205,1379,2022-12-03,15
1206,338,2023-10-26,13
1207,1402,2022-06-13,8
1208,388,2023-08-17,5
1209,105,2023-09-29,4
1210,239,2024-10-29,5
1211,797,2022-05-12,12
1212,830,2022-09-11,10
1213,300,2023-03-19,11
1214,46,2022-08-07,10
1215,282,2023-06-11,10
1216,892,2023-12-02,19
1217,1402,2023-12-21,9
1218,1041,2022-08-23,14
1219,99,2024-12-01,15
1220,1473,2022-09-02,3
1221,1420,2024-08-12,11
1222,253,2023-04-14,16
1223,234,2023-02-02,7
1224,1476,2024-03-31,8
1225,826,2024-08-16,6
1226,288,2023-12-10,13
1227,974,2024-04-26,7
1228,682,2024-05-19,14
1229,635,2022-10-21,15
1230,729,2022-07-16,17
1231,841,2022-02-11,16
1232,579,2022-03-24,11
1233,743,2023-05-20,10
1234,540,2023-05-28,6
1235,434,2024-08-05,11
1236,345,2023-10-20,16
1237,681,2022-05-09,4
1238,1414,2024-07-03,19
1239,555,2024-07-11,19
1240,152,2024-06-23,8
1241,1441,2024-10-06,2
1242,1126,2023-08-18,8
1243,366,2022-03-08,2
1244,158,2022-01-08,10
1245,864,2023-01-13,3
1246,949,2023-06-29,6
1247,846,2022-06-22,12
1248,326,2022-07-11,11
1249,606,2022-02-13,19
1250,1154,2024-10-14,3
1251,648,2022-09-19,19
1252,1415,2022-05-14,8
1253,1329,2022-09-18,18
1254,415,2022-02-01,1
1255,769,2022-06-26,12
1256,360,2022-02-25,12
1257,639,2023-07-21,14
1258,526,2023-02-22,15
1259,309,2022-09-03,5
1260,1000,2023-07-06,19
1261,740,2024-11-05,6
1262,1152,2024-01-14,17
1263,1174,2022-06-02,18
1264,391,2023-12-21,3
1265,555,2023-09-11,18
1266,1154,2024-06-19,12
1267,55,2023-04-11,6
1268,357,2023-08-25,12
1269,1490,2022-02-18,15
1270,1056,2024-11-04,15
1271,580,2022-12-19,3
1272,958,2023-08-20,17
1273,335,2024-06-21,6
1274,721,2022-01-17,12
1275,486,2024-06-25,10
1276,881,2022-08-19,20
1277,988,2022-10-21,19
1278,1145,2022-03-05,9
1279,786,2024-06-04,19
1280,489,2023-03-04,18
1281,1013,2024-02-10,14
1282,1393,2022-10-13,19
1283,57,2023-11-07,13
1284,975,2022-10-15,13
1285,472,2022-12-04,1
1286,282,2024-11-08,9
1287,269,2022-09-24,18
1288,15,2024-05-25,8
1289,545,2024-05-26,9
1290,471,2022-01-31,8
1291,505,2023-03-16,17
1292,798,2022-03-21,9
1293,786,2022-11-14,12
1294,350,2023-12-27,7
1295,1056,2023-04-26,1
1296,321,2024-08-08,15
1297,199,2024-01-27,6
1298,1088,2022-01-20,5
1299,1477,2024-02-15,7
1300,711,2023-10-27,17
1301,673,2023-07-22,16
1302,1340,2022-05-10,8
1303,1285,2024-04-09,1
1304,419,2022-04-21,12
1305,131,2022-03-07,8
1306,442,2022-06-18,8
1307,986,2024-10-09,13
1308,1493,2023-09-15,17
1309,253,2023-01-22,1
1310,551,2023-07-04,6
1311,100,2023-06-19,14
1312,268,2024-06-26,17
1313,165,2024-11-28,20
1314,1180,2024-09-22,14
1315,285,2022-01-03,9
1316,812,2023-03-20,5
1317,1460,2024-10-07,10
1318,1337,2023-03-18,17
1319,1088,2024-04-06,2
1320,1344,2022-04-06,18
1321,1173,2024-02-29,2
1322,1270,2022-10-13,3
1323,1123,2023-09-19,13
1324,30,2023-11-20,15
1325,1091,2022-03-13,16
1326,1451,2023-06-10,5
1327,1435,2024-11-14,17
1328,1240,2023-01-16,15
1329,162,2024-01-08,13
1330,582,2024-04-02,17
1331,390,2024-03-25,13
1332,1031,2024-07-09,8
1333,28,2023-07-08,18
1334,541,2023-03-14,5
1335,1315,2022-03-16,1
1336,502,2022-02-25,9
1337,214,2023-11-21,7
1338,289,2022-08-15,18
1339,1394,2023-12-16,9
1340,637,2022-09-09,3
1341,8,2024-08-17,12
1342,772,2023-09-24,18
1343,1176,2022-01-02,3
1344,694,2024-10-01,11
1345,92,2023-06-24,11
1346,1287,2024-08-17,19
1347,396,2024-10-18,20
1348,801,2023-03-26,20
1349,175,2024-10-01,3
1350,1077,2024-06-03,4
1351,144,2023-01-19,5
1352,28,2024-08-06,12
1353,941,2023-10-03,6
1354,626,2023-10-07,9
1355,684,2024-07-01,1
1356,87,2022-09-20,5
1357,462,2024-12-10,3
1358,142,2023-07-03,7
1359,1036,2023-11-18,18
1360,450,2022-05-29,20
1361,246,2022-07-10,19
1362,730,2023-04-07,13
1363,440,2024-05-17,19
1364,519,2023-11-20,16
1365,567,2023-02-14,7
1366,1244,2022-12-30,1
1367,332,2022-02-17,17
1368,411,2024-05-28,7
1369,1172,2023-02-28,18
1370,394,2022-07-04,3
1371,568,2022-12-22,11
1372,1202,2022-06-14,17
1373,644,2023-04-18,16
1374,328,2023-12-04,15
1375,743,2022-03-19,16
1376,1051,2023-10-30,7
1377,727,2023-04-06,16
1378,1031,2022-08-04,20
1379,251,2024-04-26,8
1380,343,2022-09-09,14
1381,930,2022-06-01,14
1382,741,2022-07-18,11
1383,199,2024-08-20,5
1384,1170,2024-05-25,19
1385,959,2024-09-24,8
1386,832,2024-06-28,19
1387,836,2023-06-04,2
1388,394,2023-05-24,7
1389,611,2023-07-29,15
1390,328,2024-04-14,3
1391,1052,2024-03-12,13
1392,1021,2024-06-03,17
1393,656,2023-04-27,2
1394,1015,2022-08-21,15
1395,828,2023-10-11,16
1396,414,2022-10-23,12
1397,28,2023-04-27,19
1398,244,2022-05-08,17
1399,495,2023-01-31,20
1400,1435,2023-07-01,15
1401,1357,2022-01-08,16
1402,320,2023-06-24,9
1403,1245,2024-10-10,2
1404,437,2024-04-11,2
1405,1237,2022-04-14,16
1406,984,2023-06-27,15
1407,649,2023-11-07,2
1408,20,2022-07-13,19
1409,568,2024-03-08,4
1410,822,2023-12-27,15
1411,700,2022-11-03,8
1412,165,2024-09-23,15
1413,1165,2022-04-09,18
1414,629,2023-09-05,11
1415,220,2023-09-21,13
1416,1166,2022-12-21,19
1417,1314,2023-04-13,2
1418,1210,2024-04-19,4
1419,1325,2024-09-27,15
1420,1193,2024-06-22,16
1421,1147,2024-01-27,17
1422,133,2024-11-30,17
1423,603,2024-12-11,10
1424,755,2024-06-02,9
1425,467,2022-08-08,13
1426,250,2023-03-23,10
1427,860,2022-12-15,7
1428,1024,2024-07-18,1
1429,614,2022-11-08,4
1430,1085,2022-06-09,19
1431,666,2023-06-17,16
1432,749,2024-03-20,10
1433,1428,2023-07-06,3
1434,662,2023-01-07,20
1435,503,2022-11-08,5
1436,1477,2022-08-08,7
1437,952,2024-06-20,3
1438,522,2022-08-22,3
1439,947,2022-11-01,8
1440,923,2023-07-21,14
1441,967,2024-10-11,1
1442,1360,2024-02-08,20
1443,448,2022-01-31,10
1444,1001,2024-11-23,3
1445,308,2022-02-13,16
1446,651,2024-10-27,3
1447,548,2022-04-25,8
1448,300,2024-07-30,8
1449,14,2024-12-06,17
1450,1294,2024-02-08,3
1451,2,2022-04-30,16
1452,947,2023-10-29,20
1453,1164,2024-10-10,2
1454,34,2024-02-13,8
1455,1303,2023-04-14,6
1456,981,2024-11-08,8
1457,459,2023-11-22,14
1458,541,2022-07-15,1
1459,672,2022-01-29,19
1460,30,2024-04-30,8
1461,1022,2023-03-17,4
1462,805,2022-08-14,2
1463,1144,2023-05-11,18
1464,736,2023-09-28,7
1465,779,2024-06-14,3
1466,1447,2024-09-28,19
1467,1225,2024-11-17,12
1468,242,2022-11-27,9
1469,1038,2024-03-06,10
1470,850,2023-04-03,16
1471,87,2022-04-11,14
1472,1421,2022-08-23,13
1473,696,2022-10-04,5
1474,1147,2024-02-13,19
1475,854,2023-06-20,3
1476,702,2022-01-04,2
1477,903,2023-01-31,6
1478,1043,2023-05-14,2
1479,404,2023-07-20,13
1480,970,2023-08-28,10
1481,813,2022-03-25,14
1482,166,2022-10-24,20
1483,815,2022-06-08,19
1484,1085,2024-12-20,17
1485,98,2024-07-09,9
1486,556,2023-05-27,7
1487,803,2023-09-17,15
1488,1445,2023-05-20,13
1489,691,2024-07-05,17
1490,1486,2024-01-09,5
1491,169,2024-02-09,13
1492,1317,2022-02-12,11
1493,457,2022-10-13,8
1494,924,2022-12-08,3
1495,896,2022-12-24,12
1496,769,2023-05-22,15
1497,1018,2024-02-29,2
1498,634,2022-05-03,3
1499,1044,2022-12-02,20
1500,145,2023-04-05,9
1501,907,2024-06-04,9
1502,120,2023-11-20,5
1503,1077,2024-07-12,11
1504,1116,2024-05-20,11
1505,1349,2024-07-07,11
1506,445,2022-07-02,6
1507,637,2023-01-18,10
1508,546,2024-02-16,9
1509,788,2023-09-19,16
1510,14,2022-03-17,13
1511,498,2024-04-17,18
1512,370,2023-02-17,11
1513,746,2023-12-10,7
1514,700,2023-05-28,3
1515,38,2024-02-06,7
1516,313,2022-05-01,10
1517,1006,2024-10-03,9
1518,1191,2022-02-16,10
1519,883,2023-08-23,20
1520,1255,2023-11-08,10
1521,32,2024-09-14,3
1522,1201,2024-11-25,4
1523,147,2023-12-13,17
1524,679,2022-11-21,16
1525,236,2022-10-26,19
1526,1081,2024-05-24,11
1527,1260,2024-01-16,11
1528,1145,2024-05-21,15
1529,132,2024-01-20,6
1530,272,2023-01-12,11
1531,1293,2023-12-31,14
1532,615,2023-02-09,12
1533,741,2023-04-02,7
1534,960,2023-06-04,11
1535,1206,2024-07-23,3
1536,245,2023-03-16,9
1537,210,2024-01-01,9
1538,399,2022-08-08,14
1539,637,2023-07-10,15
1540,380,2024-07-09,2
1541,310,2024-02-04,4
1542,79,2024-11-09,17
1543,1105,2024-06-27,18
1544,138,2024-05-16,9
1545,68,2024-09-08,10
1546,1478,2022-03-07,12
1547,1075,2022-09-10,1
1548,309,2024-03-20,10
1549,563,2024-11-05,3
1550,500,2022-08-23,15
1551,594,2022-05-25,2
1552,330,2024-11-15,18
1553,982,2022-04-16,20
1554,1380,2022-05-08,5
1555,1282,2024-08-21,9
1556,569,2023-11-06,17
1557,175,2022-06-26,18
1558,800,2023-12-02,5
1559,70,2022-06-29,4
1560,415,2022-04-24,19
1561,119,2023-10-10,8
1562,9,2022-05-23,12
1563,1054,2023-12-25,20
1564,564,2024-10-27,20
1565,186,2022-06-12,19
1566,1389,2023-01-14,2
1567,913,2022-08-27,9
1568,942,2022-08-02,9
1569,89,2024-12-05,17
1570,1331,2024-08-06,20
1571,430,2022-05-14,16
1572,115,2024-05-03,14
1573,1128,2023-01-12,19
1574,1314,2024-11-10,9
1575,814,2023-06-01,1
1576,750,2022-05-24,2
1577,1137,2023-05-22,8
1578,1170,2023-05-23,18
1579,616,2024-05-16,18
1580,642,2024-12-02,1
1581,34,2024-08-27,10
1582,989,2024-09-24,1
1583,181,2022-08-29,17
1584,382,2024-04-19,17
1585,634,2024-04-03,9
1586,1488,2024-06-24,7
1587,1371,2023-10-19,11
1588,1288,2023-02-16,16
1589,239,2023-05-20,10
1590,689,2022-04-28,8
1591,1244,2023-04-05,13
1592,1206,2024-04-30,8
1593,146,2022-02-16,4
1594,734,2022-01-09,4
1595,732,2024-10-06,9
1596,426,2022-12-17,13
1597,1042,2022-02-08,15
1598,1225,2023-06-17,20
1599,946,2024-01-15,5
1600,611,2024-04-08,15
1601,383,2023-09-28,16
1602,347,2024-03-09,1
1603,667,2022-08-20,8
1604,462,2024-05-24,6
1605,1065,2024-12-03,14
1606,10,2022-04-23,19
1607,112,2024-03-10,15
1608,639,2023-02-24,20
1609,784,2023-05-07,5
1610,368,2022-08-06,18
1611,263,2024-03-15,16
1612,746,2022-05-10,16
1613,754,2024-05-11,6
1614,321,2023-05-07,16
1615,283,2024-04-29,7
1616,528,2024-03-19,15
1617,1406,2023-08-01,20
1618,1471,2024-11-21,12
1619,1391,2023-03-12,20
1620,342,2022-05-29,4
1621,433,2023-02-09,17
1622,268,2023-03-15,12
1623,546,2024-05-30,1
1624,44,2023-05-16,16
1625,1011,2023-04-05,8
1626,843,2024-03-10,20
1627,826,2023-12-21,10
1628,1298,2022-09-16,17
1629,1085,2023-12-20,15
1630,196,2024-10-24,6
1631,326,2022-11-22,12
1632,1088,2022-10-02,3
1633,845,2024-11-23,13
1634,1124,2022-08-25,6
1635,881,2023-06-28,15
1636,1420,2022-11-18,1
1637,1024,2023-05-23,16
1638,288,2023-07-27,20
1639,1090,2023-12-06,5
1640,644,2024-12-13,4
1641,647,2023-02-08,15
1642,831,2023-06-16,12
1643,415,2024-08-29,14
1644,322,2022-06-13,5
1645,131,2023-03-13,10
1646,342,2022-12-13,6
1647,129,2023-04-03,1
1648,239,2023-08-01,9
1649,1242,2024-04-05,10
1650,1463,2023-04-02,4
1651,781,2022-05-19,3
1652,154,2023-02-14,18
1653,1463,2022-04-23,10
1654,1304,2024-05-22,1
1655,653,2023-11-30,15
1656,1482,2023-11-07,14
1657,1276,2023-12-26,8
1658,248,2022-11-24,8
1659,1138,2022-07-24,10
1660,845,2024-12-09,11
1661,635,2024-10-11,4
1662,178,2024-04-14,16
1663,1051,2023-10-20,7
1664,589,2022-03-11,2
1665,218,2022-12-28,12
1666,202,2023-10-04,12
1667,1049,2022-12-18,18
1668,765,2023-03-19,11
1669,966,2022-12-22,2
1670,1474,2023-12-15,1
1671,431,2022-11-12,15
1672,380,2024-08-01,6
1673,178,2024-02-24,16
1674,267,2023-01-19,2
1675,850,2022-09-29,17
1676,128,2023-09-15,1
1677,1181,2023-06-10,14
1678,826,2024-08-19,18
1679,308,2023-06-07,14
1680,38,2022-04-14,13
1681,285,2022-07-31,20
1682,1043,2022-08-07,12
1683,366,2024-08-29,19
1684,1274,2022-01-27,15
1685,816,2023-08-04,9
1686,59,2024-07-14,20
1687,97,2022-03-01,19
1688,775,2023-01-25,14
1689,176,2023-08-10,15
1690,562,2024-05-11,6
1691,691,2022-11-04,5
1692,1015,2023-05-10,19
1693,1316,2022-01-16,15
1694,1304,2022-02-03,17
1695,455,2022-08-19,8
1696,78,2022-10-02,7
1697,236,2022-09-22,19
1698,623,2023-08-13,8
1699,1357,2024-10-08,17
1700,124,2022-01-04,17
1701,280,2023-08-13,1
1702,54,2024-04-06,2
1703,581,2023-02-18,2
1704,361,2022-09-09,20
1705,1417,2023-09-16,3
1706,235,2022-04-26,15
1707,126,2022-11-28,18
1708,402,2024-10-31,10
1709,1291,2022-08-04,16
1710,131,2024-11-08,9
1711,952,2022-12-17,18
1712,958,2024-06-25,2
1713,1110,2024-05-08,10
1714,982,2023-07-28,17
1715,324,2023-12-14,5
1716,1111,2022-02-06,4
1717,298,2024-02-15,7
1718,1224,2024-03-29,20
1719,469,2023-02-10,7
1720,230,2023-06-18,14
1721,1017,2024-01-24,8
1722,430,2022-10-14,1
1723,99,2022-05-21,2
1724,753,2023-01-05,11
1725,676,2023-06-29,15
1726,1347,2022-02-16,8
1727,1032,2022-03-12,16
1728,1163,2024-07-31,4
1729,1055,2024-03-18,18
1730,1154,2024-10-23,4
1731,1486,2022-02-12,12
1732,760,2022-11-01,10
1733,1248,2022-09-29,17
1734,1145,2022-07-12,6
1735,390,2022-05-27,3
1736,303,2024-08-21,11
1737,905,2022-09-05,13
1738,1153,2022-05-10,20
1739,465,2022-09-08,2
1740,756,2022-06-05,10
1741,10,2022-12-24,3
1742,114,2023-09-21,5
1743,552,2023-05-26,2
1744,1464,2023-09-11,11
1745,334,2023-08-27,20
1746,875,2023-12-29,5
1747,824,2022-06-01,4
1748,930,2022-08-07,20
1749,132,2022-03-09,19
1750,905,2022-02-15,19
1751,1409,2023-09-07,14
1752,827,2022-07-30,14
1753,1272,2023-08-19,17
1754,949,2022-12-06,11
1755,694,2022-01-20,13
1756,1062,2022-08-03,11
1757,1329,2023-03-13,20
1758,90,2022-12-26,12
1759,982,2022-04-07,2
1760,1401,2022-08-02,16
1761,1297,2022-11-21,7
1762,209,2023-10-29,12
1763,887,2022-11-19,7
1764,783,2022-11-09,10
1765,583,2024-06-27,17
1766,525,2022-12-14,8
1767,309,2022-05-17,7
1768,668,2022-05-20,3
1769,33,2023-02-16,1
1770,252,2023-06-20,4
1771,1436,2023-05-07,2
1772,466,2024-04-11,8
1773,278,2024-05-10,5
1774,520,2023-04-06,17
1775,1373,2024-08-12,17
1776,1134,2022-02-15,15
1777,318,2022-07-05,5
1778,616,2024-12-17,10
1779,460,2024-06-12,18
1780,244,2022-07-23,6
1781,362,2022-06-07,11
1782,1315,2022-05-13,3
1783,623,2024-06-25,18
1784,595,2024-01-01,12
1785,1386,2023-07-08,11
1786,704,2024-08-30,8
1787,624,2022-02-19,19
1788,1441,2023-11-27,6
1789,615,2022-04-23,19
1790,1128,2022-05-21,12
1791,549,2022-07-04,4
1792,961,2022-12-31,12
1793,734,2024-10-17,1
1794,577,2022-11-06,2
1795,1456,2023-07-07,12
1796,944,2022-10-05,8
1797,739,2024-07-25,11
1798,336,2022-09-20,20
1799,173,2023-04-27,17
1800,1030,2024-05-17,6
1801,204,2023-06-30,13
1802,447,2023-06-02,11
1803,1493,2022-09-26,5
1804,985,2023-07-13,8
1805,1313,2024-04-28,19
1806,21,2023-02-03,7
1807,969,2023-05-30,13
1808,954,2024-02-05,17
1809,447,2023-08-02,16
1810,920,2024-12-21,6
1811,174,2024-10-21,7
1812,880,2023-05-24,7
1813,992,2022-06-18,3
1814,1198,2023-10-20,19
1815,1475,2022-01-02,10
1816,918,2024-09-19,17
1817,925,2024-07-12,17
1818,590,2024-03-21,5
1819,935,2023-07-26,11
1820,950,2022-05-13,11
1821,13,2022-03-04,15
1822,604,2022-04-05,6
1823,1471,2022-08-22,11
1824,1466,2024-10-10,17
1825,118,2023-09-25,14
1826,1190,2023-03-08,9
1827,1350,2023-10-26,2
1828,965,2022-06-14,2
1829,552,2023-11-30,20
1830,918,2023-10-30,12
1831,730,2023-01-03,16
1832,355,2023-12-17,17
1833,511,2023-09-20,4
1834,877,2023-12-24,16
1835,1191,2023-07-05,2
1836,1428,2024-07-04,1
1837,638,2024-06-27,2
1838,253,2024-02-04,16
1839,335,2022-04-26,5
1840,440,2022-01-07,20
1841,1229,2022-04-23,20
1842,313,2022-12-26,8
1843,1039,2022-10-12,12
1844,539,2022-08-26,5
1845,448,2024-10-24,2
1846,342,2023-01-26,12
1847,446,2023-10-04,4
1848,100,2022-04-15,8
1849,900,2023-04-30,12
1850,527,2023-07-23,3
1851,979,2023-05-08,1
1852,916,2022-09-05,1
1853,67,2024-02-01,14
1854,175,2023-09-11,2
1855,355,2022-10-14,6
1856,183,2022-03-02,18
1857,154,2023-05-13,6
1858,164,2024-06-15,7
1859,1358,2023-03-29,1
1860,148,2022-05-05,7
1861,956,2023-08-03,4
1862,152,2023-04-14,9
1863,322,2022-06-17,15
1864,1200,2022-02-09,20
1865,21,2022-06-23,20
1866,1201,2022-05-10,1
1867,189,2022-04-09,18
1868,10,2024-06-28,8
1869,1483,2022-12-06,14
1870,824,2024-08-02,14
1871,1354,2024-06-24,5
1872,973,2022-12-04,5
1873,1110,2024-12-14,17
1874,205,2023-10-17,12
1875,1309,2022-02-23,7
1876,105,2022-05-27,3
1877,15,2023-08-17,1
1878,468,2023-01-17,9
1879,1449,2023-08-11,10
1880,1485,2023-03-11,3
1881,182,2022-12-23,15
1882,1029,2023-11-30,8
1883,443,2023-03-24,17
1884,308,2022-10-21,7
1885,353,2023-05-19,3
1886,505,2024-09-25,9
1887,358,2024-07-30,14
1888,67,2024-03-09,14
1889,41,2023-08-09,8
1890,1487,2022-04-27,6
1891,1019,2023-05-12,9
1892,527,2023-01-11,3
1893,809,2024-09-15,1
1894,195,2023-12-04,19
1895,830,2022-03-19,17
1896,1276,2023-09-08,3
1897,1298,2022-01-05,9
1898,767,2023-10-02,8
1899,133,2023-09-29,4
1900,1421,2022-06-13,9
1901,1466,2023-02-17,7
1902,1012,2024-09-10,14
1903,429,2022-06-26,14
1904,1028,2024-11-06,4
1905,1224,2022-07-19,9
1906,978,2024-12-27,7
1907,1360,2022-08-05,1
1908,872,2022-01-09,10
1909,1231,2023-04-15,13
1910,333,2023-10-28,16
1911,714,2023-10-27,15
1912,1,2023-03-11,11
1913,1478,2023-07-11,5
1914,409,2022-08-03,16
1915,443,2023-10-31,4
1916,547,2022-02-04,5
1917,264,2024-02-15,18
1918,198,2023-01-22,4
1919,527,2022-11-25,19
1920,84,2023-05-17,7
1921,1329,2023-10-06,8
1922,340,2022-05-07,15
1923,478,2023-08-22,9
1924,995,2022-08-21,17
1925,157,2023-10-14,17
1926,380,2023-12-28,17
1927,1341,2024-01-30,15
1928,1185,2024-01-10,2
1929,191,2024-11-19,3
1930,999,2024-10-28,10
1931,421,2022-03-02,6
1932,174,2024-05-31,15
1933,1125,2023-04-21,5
1934,351,2022-12-10,4
1935,1316,2023-02-28,18
1936,841,2023-10-28,19
1937,314,2024-02-07,7
1938,236,2023-09-14,15
1939,725,2022-08-12,3
1940,1232,2022-10-05,4
1941,1496,2024-03-18,12
1942,1228,2024-02-27,16
1943,143,2023-08-06,6
1944,137,2022-08-07,10
1945,658,2022-07-31,10
1946,605,2023-05-09,11
1947,100,2024-01-07,19
1948,1499,2023-06-14,2
1949,1042,2024-11-17,13
1950,415,2024-01-10,11
1951,566,2023-03-10,4
1952,1220,2024-06-29,7
1953,545,2022-07-06,7
1954,1452,2022-12-05,17
1955,13,2024-06-04,11
1956,651,2024-03-03,16
1957,119,2023-12-20,12
1958,254,2024-06-05,6
1959,1338,2022-06-17,14
1960,853,2022-07-13,20
1961,172,2023-04-04,4
1962,1113,2023-07-28,9
1963,817,2022-07-06,17
1964,1366,2024-06-06,16
1965,61,2024-10-28,7
1966,1097,2024-07-22,13
1967,134,2022-09-29,3
1968,379,2023-01-15,1
1969,260,2024-12-22,10
1970,580,2022-10-23,2
1971,606,2023-09-15,5
1972,315,2024-09-14,15
1973,799,2022-08-23,9
1974,1361,2023-02-04,6
1975,157,2024-09-22,1
1976,811,2022-12-31,3
1977,506,2022-11-01,10
1978,104,2022-04-04,7
1979,597,2023-08-29,4
1980,803,2022-07-13,17
1981,397,2022-04-10,16
1982,624,2023-11-20,12
1983,230,2024-10-27,15
1984,402,2024-04-30,9
1985,1201,2024-02-20,13
1986,267,2024-02-26,7
1987,1155,2022-11-20,14
1988,1143,2023-10-28,4
1989,23,2022-04-13,11
1990,131,2023-03-03,19
1991,1241,2022-12-14,5
1992,1282,2024-08-19,3
1993,585,2022-08-05,7
1994,806,2023-09-27,13
1995,433,2024-05-01,16
1996,1433,2024-04-30,18
1997,54,2024-05-24,10
1998,243,2022-10-03,20
1999,1204,2023-08-08,14
2000,791,2023-02-13,18
2001,417,2024-06-09,16
2002,1110,2022-08-26,12
2003,1090,2023-12-16,20
2004,550,2023-12-18,1
2005,76,2023-05-29,9
2006,1231,2024-06-24,11
2007,1152,2023-12-12,15
2008,788,2022-06-12,10
2009,645,2024-07-12,20
2010,736,2022-01-18,3
2011,1483,2023-09-23,9
2012,306,2023-05-28,18
2013,1115,2024-05-30,13
2014,426,2022-12-06,7
2015,1137,2023-04-27,10
2016,1138,2023-08-22,14
2017,333,2023-12-30,10
2018,35,2022-05-29,8
2019,785,2024-07-04,1
2020,827,2023-07-16,16
2021,239,2022-01-29,17
2022,253,2024-04-27,11
2023,358,2023-09-05,14
2024,262,2024-10-23,16
2025,724,2023-08-20,8
2026,1204,2022-09-13,20
2027,474,2022-04-17,6
2028,778,2022-12-04,17
2029,150,2023-06-08,12
2030,526,2024-02-03,20
2031,203,2024-02-23,5
2032,895,2024-10-17,2
2033,290,2024-11-26,9
2034,1405,2022-04-06,3
2035,1479,2023-04-17,18
2036,654,2022-09-13,20
2037,769,2022-11-10,15
2038,371,2022-06-16,18
2039,11,2023-03-11,14
2040,94,2024-11-02,16
2041,346,2024-06-02,1
2042,1500,2024-07-14,2
2043,262,2024-03-01,17
2044,813,2023-08-13,3
2045,1220,2022-06-14,13
2046,143,2022-09-20,11
2047,499,2023-03-07,6
2048,631,2022-01-21,4
2049,258,2024-01-15,16
2050,533,2024-12-13,5
2051,851,2023-10-02,15
2052,1249,2024-02-11,2
2053,941,2024-12-21,2
2054,1450,2023-08-14,16
2055,1364,2024-11-26,16
2056,209,2024-09-11,9
2057,179,2023-08-15,16
2058,505,2022-09-14,4
2059,1129,2023-08-08,5
2060,1132,2024-07-24,10
2061,1198,2024-10-03,11
2062,983,2023-05-08,1
2063,1270,2023-09-21,16
2064,356,2024-07-09,18
2065,1498,2024-11-29,17
2066,365,2023-09-25,3
2067,656,2023-03-26,13
2068,1212,2022-06-20,17
2069,1168,2022-05-30,3
2070,1126,2024-06-30,20
2071,658,2024-04-05,7
2072,810,2022-08-20,6
2073,236,2024-03-29,20
2074,839,2023-03-27,7
2075,906,2023-06-09,3
2076,73,2023-11-15,20
2077,215,2023-05-04,2
2078,212,2023-03-22,20
2079,131,2023-12-18,18
2080,809,2023-05-06,9
2081,1405,2023-11-08,6
2082,1062,2024-05-01,9
2083,1151,2024-11-19,13
2084,1200,2022-01-17,9
2085,392,2023-04-27,18
2086,240,2022-02-16,12
2087,762,2022-08-14,17
2088,629,2022-11-15,12
2089,1037,2023-02-19,13
2090,639,2024-01-19,20
2091,696,2024-12-12,13
2092,326,2024-07-19,18
2093,939,2022-06-06,16
2094,414,2023-04-18,8
2095,973,2024-08-15,19
2096,1465,2023-06-29,16
2097,1430,2022-07-18,10
2098,1077,2024-01-26,6
2099,1319,2023-10-27,15
2100,1188,2022-10-07,8
2101,1246,2024-06-11,8
2102,1236,2024-12-05,18
2103,1174,2023-09-12,14
2104,1278,2022-10-15,19
2105,894,2024-12-21,14
2106,861,2023-12-05,15
2107,1236,2023-01-04,2
2108,1043,2024-04-03,19
2109,162,2022-08-12,17
2110,583,2022-11-11,11
2111,1450,2022-01-17,12
2112,753,2023-04-07,18
2113,1030,2024-02-03,4
2114,27,2023-05-08,15
2115,464,2023-11-05,13
2116,1087,2023-12-04,20
2117,1492,2024-08-18,13
2118,1497,2022-08-24,2
2119,429,2023-05-09,1
2120,706,2023-09-10,9
2121,1203,2022-10-31,9
2122,39,2022-01-18,12
2123,1299,2024-02-13,10
2124,494,2024-05-03,13
2125,1237,2023-04-08,17
2126,548,2024-01-09,2
2127,232,2022-09-17,1
2128,615,2022-10-01,4
2129,733,2022-08-29,10
2130,950,2023-08-18,2
2131,552,2024-05-23,13
2132,522,2022-03-11,4
2133,88,2023-01-22,6
2134,816,2023-04-05,10
2135,644,2023-02-25,17
2136,813,2024-03-28,9
2137,151,2023-03-16,6
2138,1307,2024-02-11,18
2139,834,2022-07-03,6
2140,1354,2024-06-14,12
2141,542,2023-06-10,8
2142,873,2022-09-15,7
2143,996,2023-09-13,4
2144,313,2022-10-26,9
2145,1087,2024-01-02,6
2146,800,2023-03-30,18
2147,1093,2022-08-25,5
2148,676,2024-03-09,10
2149,645,2024-09-22,15
2150,1021,2022-11-25,1
2151,1062,2023-03-03,3
2152,927,2023-01-04,7
2153,1396,2023-12-01,8
2154,192,2022-02-11,17
2155,270,2024-04-19,2
2156,1,2024-03-19,11
2157,1484,2023-10-12,15
2158,1053,2023-06-27,15
2159,1392,2024-08-07,13
2160,307,2024-11-24,7
2161,726,2022-08-02,3
2162,1433,2022-12-07,2
2163,383,2023-04-24,10
2164,204,2023-06-30,7
2165,1386,2024-09-04,14
2166,58,2023-08-10,13
2167,1359,2024-12-03,2
2168,1428,2023-08-11,6
2169,951,2024-10-17,13
2170,394,2022-08-16,6
2171,1220,2022-06-26,11
2172,312,2023-01-29,2
2173,682,2024-11-28,15
2174,861,2022-10-18,9
2175,849,2022-10-09,18
2176,671,2023-05-02,17
2177,111,2022-03-23,10
2178,940,2024-05-14,15
2179,889,2024-05-01,2
2180,544,2022-08-16,9
2181,936,2022-06-02,8
2182,133,2023-04-02,5
2183,1345,2022-05-22,3
2184,1076,2023-10-01,5
2185,1080,2022-06-18,13
2186,39,2023-05-11,1
2187,1072,2023-07-26,12
2188,806,2024-04-09,5
2189,63,2023-06-15,15
2190,653,2023-06-10,3
2191,59,2024-02-02,3
2192,1340,2022-09-22,17
2193,1150,2023-01-19,5
2194,1271,2024-01-11,15
2195,485,2024-04-09,8
2196,1193,2022-11-12,6
2197,537,2022-03-08,17
2198,1012,2022-04-13,13
2199,1313,2023-11-05,14
2200,222,2022-04-10,11
2201,1482,2023-01-18,17
2202,1449,2024-06-14,6
2203,416,2022-11-18,9
2204,1089,2022-05-08,15
2205,779,2023-01-30,20
2206,1277,2023-10-01,3
2207,852,2024-12-03,15
2208,616,2022-05-12,18
2209,1348,2023-02-09,10
2210,1489,2024-05-17,6
2211,633,2023-09-09,19
2212,1174,2022-02-11,20
2213,1397,2024-08-01,14
2214,216,2023-10-20,6
2215,807,2024-12-23,18
2216,1299,2024-11-24,4
2217,659,2022-06-09,18
2218,519,2023-12-15,5
2219,765,2022-02-25,19
2220,1244,2023-11-25,16
2221,706,2024-07-29,13
2222,814,2024-04-09,18
2223,980,2023-10-15,5
2224,17,2023-03-24,9
2225,830,2023-11-04,9
2226,530,2024-08-31,12
2227,1145,2022-04-03,16
2228,109,2022-05-10,1
2229,1457,2024-09-23,5
2230,1299,2022-07-19,3
2231,599,2023-09-07,8
2232,740,2022-11-20,16
2233,125,2024-02-05,16
2234,1457,2024-02-21,12
2235,43,2022-11-15,3
2236,391,2024-06-23,16
2237,610,2024-10-30,18
2238,387,2022-10-24,11
2239,1167,2024-03-04,17
2240,475,2024-04-07,4
2241,166,2024-02-15,17
2242,647,2024-03-17,17
2243,1285,2024-03-01,14
2244,1252,2022-01-24,17
2245,141,2023-08-31,1
2246,637,2024-12-22,16
2247,1392,2023-04-01,12
2248,495,2023-07-30,11
2249,673,2024-10-08,7
2250,258,2024-02-24,1
2251,1464,2022-09-20,2
2252,1188,2024-01-18,8
2253,244,2024-11-15,6
2254,932,2023-10-13,16
2255,428,2024-06-14,18
2256,114,2022-03-10,8
2257,373,2022-10-27,2
2258,1110,2022-04-18,8
2259,279,2023-02-24,1
2260,147,2024-12-28,15
2261,176,2022-03-30,17
2262,529,2022-05-22,15
2263,425,2024-04-11,18
2264,1078,2023-10-10,3
2265,515,2024-09-07,16
2266,1,2022-01-17,3
2267,109,2023-06-09,11
2268,415,2023-11-05,7
2269,239,2023-09-03,13
2270,960,2023-12-25,11
2271,592,2022-08-06,20
2272,263,2024-08-01,15
2273,1355,2024-08-08,14
2274,482,2024-06-20,5
2275,1074,2024-10-17,3
2276,838,2022-01-13,13
2277,953,2023-05-23,10
2278,521,2024-03-29,13
2279,905,2024-10-18,11
2280,785,2024-10-28,14
2281,1350,2024-09-05,4
2282,188,2024-05-01,5
2283,1142,2023-01-19,8
2284,30,2022-07-31,2
2285,888,2024-01-13,20
2286,864,2024-08-03,5
2287,1152,2023-06-20,15
2288,878,2023-12-04,8
2289,499,2022-04-05,15
2290,270,2024-04-06,17
2291,959,2024-07-15,2
2292,1415,2022-11-29,3
2293,701,2022-03-20,10
2294,355,2023-04-01,2
2295,267,2022-05-08,13
2296,953,2024-01-24,6
2297,1,2023-03-15,15
2298,425,2022-12-08,9
2299,869,2024-01-14,12
2300,1421,2022-04-17,17
2301,1422,2024-08-01,6
2302,1064,2022-08-19,15
2303,1205,2024-10-29,5
2304,491,2023-03-17,5
2305,1472,2024-02-11,2
2306,620,2022-12-12,19
2307,87,2022-10-30,4
2308,1252,2023-05-25,2
2309,557,2022-10-09,11
2310,649,2023-01-23,20
2311,1103,2024-08-17,19
2312,632,2022-12-30,10
2313,824,2024-02-29,3
2314,1372,2022-02-27,4
2315,1335,2023-06-03,8
2316,1172,2022-08-06,12
2317,47,2023-06-16,17
2318,946,2024-01-02,11
2319,458,2024-11-02,2
2320,940,2023-06-27,19
2321,255,2024-12-08,4
2322,846,2024-04-13,9
2323,1469,2023-04-29,6
2324,1059,2024-02-04,9
2325,566,2022-02-10,13
2326,1154,2023-10-07,7
2327,182,2024-09-28,19
2328,396,2023-08-24,19
2329,1190,2023-10-18,3
2330,1182,2023-01-19,12
2331,1481,2024-12-02,10
2332,436,2022-05-09,2
2333,778,2022-04-14,18
2334,1067,2023-11-11,11
2335,985,2024-12-29,8
2336,1326,2024-03-08,1
2337,966,2022-03-11,1
2338,728,2024-04-04,7
2339,1397,2024-12-19,17
2340,1072,2022-11-29,14
2341,509,2023-03-09,4
2342,912,2023-04-22,15
2343,622,2024-02-05,19
2344,1247,2024-11-25,10
2345,1460,2023-10-01,14
2346,360,2023-08-14,20
2347,1395,2023-07-03,19
2348,296,2022-11-23,9
2349,532,2022-11-16,14
2350,444,2024-04-29,18
2351,264,2022-11-29,15
2352,398,2024-06-14,20
2353,819,2022-05-24,12
2354,710,2024-04-21,5
2355,61,2024-06-24,13
2356,108,2023-05-27,12
2357,151,2024-11-26,5
2358,722,2024-06-21,12
2359,503,2023-03-21,9
2360,763,2022-09-11,18
2361,910,2023-12-25,19
2362,374,2024-12-14,11
2363,752,2022-01-25,10
2364,974,2024-12-08,15
2365,1176,2022-10-26,19
2366,56,2022-06-19,9
2367,1471,2024-08-02,17
2368,1002,2024-04-20,12
2369,404,2023-05-08,12
2370,891,2022-12-23,5
2371,372,2024-12-17,4
2372,1232,2022-10-04,15
2373,1155,2022-08-17,3
2374,1027,2024-12-18,2
2375,1124,2023-04-14,14
2376,1329,2023-04-12,12
2377,1013,2024-11-24,8
2378,308,2024-10-04,2
2379,654,2024-06-08,3
2380,439,2023-05-10,17
2381,439,2023-11-06,14
2382,808,2022-02-21,1
2383,292,2022-01-18,18
2384,1258,2024-04-18,2
2385,1448,2024-05-13,4
2386,635,2023-03-05,6
2387,966,2023-01-29,8
2388,1174,2024-12-01,19
2389,146,2024-11-04,3
2390,1183,2022-05-10,19
2391,88,2024-12-19,9
2392,682,2023-05-04,12
2393,714,2024-08-26,11
2394,1225,2022-10-29,13
2395,189,2023-07-22,17
2396,271,2022-01-08,2
2397,365,2024-03-02,8
2398,169,2023-10-25,1
2399,1414,2023-07-22,11
2400,343,2023-06-25,7
2401,814,2022-02-28,16
2402,1416,2022-08-02,5
2403,899,2022-07-24,20
2404,1025,2023-07-07,9
2405,1263,2024-03-16,2
2406,293,2024-10-20,5
2407,286,2023-11-08,11
2408,491,2024-03-19,11
2409,801,2023-07-31,13
2410,511,2022-02-06,8
2411,153,2023-06-20,7
2412,1133,2023-12-23,18
2413,679,2023-09-26,1
2414,1041,2023-03-02,12
2415,562,2022-05-18,8
2416,1010,2022-04-20,9
2417,1265,2024-10-20,9
2418,153,2023-12-26,2
2419,1037,2024-09-25,14
2420,1191,2023-05-15,8
2421,1469,2023-01-07,15
2422,1208,2023-04-07,13
2423,735,2024-07-21,4
2424,596,2024-08-15,20
2425,637,2024-11-10,15
2426,912,2024-08-12,8
2427,628,2023-09-14,1
2428,569,2024-04-21,5
2429,619,2022-11-10,16
2430,1304,2023-02-22,4
2431,600,2024-02-18,3
2432,191,2022-12-18,15
2433,765,2023-06-02,6
2434,705,2024-11-23,11
2435,1188,2022-07-01,12
2436,1005,2023-05-29,10
2437,998,2023-01-16,2
2438,938,2023-03-24,11
2439,1047,2022-04-23,17
2440,1400,2023-03-16,9
2441,1307,2022-06-02,5
2442,401,2023-04-30,3
2443,1441,2022-09-28,10
2444,1343,2022-09-13,6
2445,743,2022-08-30,7
2446,228,2022-04-28,1
2447,1265,2022-01-27,10
2448,166,2023-07-10,15
2449,411,2024-09-12,12
2450,382,2022-06-23,13
2451,713,2022-03-31,6
2452,1222,2024-01-13,9
2453,310,2024-03-14,5
2454,571,2022-03-05,8
2455,772,2023-06-09,17
2456,1182,2022-09-08,13
2457,1391,2023-02-02,7
2458,52,2022-11-29,6
2459,839,2022-04-18,18
2460,103,2022-07-30,12
2461,708,2022-03-10,14
2462,685,2024-10-11,10
2463,125,2023-04-23,9
2464,484,2023-04-24,20
2465,1274,2023-09-20,11
2466,355,2024-04-10,7
2467,1256,2022-07-30,5
2468,285,2023-01-27,9
2469,1264,2024-04-28,4
2470,1056,2023-07-25,4
2471,370,2022-04-04,13
2472,614,2024-03-05,18
2473,14,2024-05-26,4
2474,506,2023-03-10,13
2475,184,2023-05-16,16
2476,805,2023-10-15,13
2477,732,2022-10-22,4
2478,324,2023-02-01,19
2479,853,2022-09-26,6
2480,1151,2023-12-17,16
2481,1178,2023-08-08,14
2482,940,2024-02-24,4
2483,238,2022-05-21,1
2484,721,2022-12-22,10
2485,735,2022-04-22,10
2486,113,2024-04-18,15
2487,155,2022-06-11,1
2488,983,2024-04-21,12
2489,1377,2024-09-16,8
2490,1099,2024-04-08,18
2491,597,2024-09-05,20
2492,256,2023-07-16,13
2493,682,2023-03-31,12
2494,929,2024-10-17,15
2495,470,2022-01-13,8
2496,588,2023-01-03,10
2497,708,2023-01-21,19
2498,156,2022-09-12,15
2499,1434,2023-10-15,19
2500,1481,2022-03-18,16
2501,241,2024-01-18,17
2502,1474,2023-12-29,3
2503,65,2022-04-30,9
2504,895,2022-04-04,5
2505,900,2024-04-26,5
2506,817,2024-03-15,4
2507,1304,2022-11-19,6
2508,602,2023-10-09,17
2509,1355,2023-11-13,2
2510,733,2023-10-08,15
2511,473,2024-01-03,14
2512,364,2023-07-28,17
2513,1184,2023-09-13,11
2514,281,2022-11-12,20
2515,736,2024-04-04,20
2516,1198,2023-01-31,7
2517,83,2024-01-27,15
2518,577,2022-02-09,8
2519,186,2023-01-14,17
2520,161,2024-03-08,13
2521,1068,2024-01-21,7
2522,616,2023-06-21,13
2523,1391,2022-05-02,6
2524,1384,2024-07-10,8
2525,1160,2023-01-13,4
2526,918,2024-01-01,4
2527,1134,2022-02-10,12
2528,1378,2023-08-29,18
2529,674,2023-01-03,13
2530,1045,2022-12-22,13
2531,390,2022-01-26,5
2532,1057,2024-09-19,20
2533,1400,2024-07-09,1
2534,599,2024-09-18,12
2535,1317,2023-08-27,4
2536,264,2024-06-07,11
2537,1238,2023-11-21,11
2538,1455,2024-09-29,5
2539,1337,2024-02-08,3
2540,814,2023-11-27,3
2541,805,2024-03-08,12
2542,16,2023-04-15,16
2543,611,2022-10-25,9
2544,1040,2022-08-21,8
2545,1176,2024-01-24,11
2546,324,2023-12-04,16
2547,1321,2022-06-25,8
2548,1051,2022-05-22,13
2549,470,2023-10-26,2
2550,708,2022-10-01,13
2551,841,2022-04-30,14
2552,1325,2023-09-05,9
2553,764,2024-10-21,5
2554,358,2022-07-04,1
2555,550,2024-12-27,1
2556,1191,2023-01-19,14
2557,1411,2023-10-15,14
2558,1478,2022-07-22,12
2559,1187,2022-03-10,5
2560,64,2023-07-16,8
2561,628,2023-09-11,12
2562,1053,2022-01-30,5
2563,521,2023-07-13,13
2564,1149,2023-08-05,19
2565,288,2023-12-11,4
2566,1486,2022-02-27,14
2567,961,2022-09-16,17
2568,581,2023-11-02,7
2569,1180,2024-08-22,16
2570,1302,2024-01-26,8
2571,379,2023-08-24,18
2572,753,2024-01-06,4
2573,257,2023-09-20,8
2574,958,2022-03-31,3
2575,572,2022-07-06,2
2576,602,2023-10-26,3
2577,1156,2024-10-31,10
2578,901,2022-09-08,9
2579,1484,2023-12-31,13
2580,643,2022-03-15,4
2581,192,2022-06-27,9
2582,433,2023-10-15,1
2583,290,2022-01-02,4
2584,86,2023-07-22,9
2585,67,2023-09-20,12
2586,595,2022-09-26,12
2587,517,2024-05-20,2
2588,1116,2023-03-16,10
2589,1052,2024-06-11,9
2590,1177,2023-03-18,8
2591,38,2023-09-04,11
2592,815,2022-07-15,5
2593,393,2024-04-20,1
2594,1232,2023-03-30,11
2595,417,2022-08-25,19
2596,969,2024-07-23,2
2597,92,2022-01-11,2
2598,513,2024-05-11,2
2599,630,2022-03-03,11
2600,1227,2022-10-08,18
2601,1201,2022-08-26,2
2602,290,2023-06-19,2
2603,983,2023-02-02,20
2604,529,2022-07-14,2
2605,62,2022-06-06,5
2606,604,2023-05-12,10
2607,1295,2023-11-09,13
2608,981,2024-05-14,1
2609,626,2024-03-22,3
2610,417,2023-02-26,16
2611,1441,2023-12-13,14
2612,15,2024-04-02,4
2613,763,2024-11-21,7
2614,1043,2022-08-14,20
2615,907,2024-06-29,1
2616,215,2022-01-21,7
2617,1130,2023-03-16,7
2618,901,2024-12-20,20
2619,1345,2023-10-03,15
2620,883,2022-03-03,3
2621,611,2023-10-07,18
2622,1103,2023-02-26,9
2623,74,2024-02-19,3
2624,1264,2023-08-23,11
2625,372,2023-09-26,1
2626,810,2022-07-07,5
2627,1242,2023-06-07,13
2628,1292,2022-11-02,1
2629,966,2024-08-19,11
2630,940,2023-07-15,12
2631,445,2023-04-11,1
2632,302,2024-03-26,12
2633,380,2024-01-03,15
2634,241,2023-04-07,14
2635,439,2022-08-10,7
2636,1122,2024-11-02,17
2637,1204,2024-08-09,2
2638,968,2024-09-09,12
2639,1082,2022-05-01,9
2640,204,2022-01-16,7
2641,1369,2022-11-19,12
2642,46,2022-05-25,11
2643,14,2023-04-03,3
2644,821,2022-02-14,7
2645,1231,2023-08-02,17
2646,122,2022-10-06,14
2647,4,2024-07-29,1
2648,266,2024-11-16,19
2649,401,2023-05-27,6
2650,451,2023-07-07,2
2651,401,2023-03-18,7
2652,1444,2023-11-10,10
2653,953,2024-08-06,5
2654,1499,2023-11-26,16
2655,715,2022-08-14,3
2656,325,2022-01-23,16
2657,49,2023-06-14,20
2658,318,2022-10-19,12
2659,1451,2022-11-05,15
2660,219,2023-04-24,12
2661,721,2023-06-02,19
2662,533,2022-06-30,11
2663,25,2024-01-07,15
2664,1353,2024-03-18,11
2665,1173,2022-01-03,19
2666,940,2023-05-24,8
2667,262,2024-10-31,18
2668,1384,2023-09-12,8
2669,1289,2024-06-08,1
2670,940,2024-10-10,13
2671,971,2023-09-05,13
2672,695,2024-06-27,17
2673,122,2022-10-08,18
2674,1170,2022-02-20,7
2675,549,2024-12-29,11
2676,815,2022-11-29,18
2677,1441,2022-01-22,16
2678,657,2023-04-07,6
2679,309,2024-06-22,2
2680,74,2022-04-17,13
2681,302,2024-05-28,17
2682,1306,2024-08-14,1
2683,1172,2023-08-23,10
2684,103,2023-10-12,8
2685,1408,2023-05-12,4
2686,956,2023-09-11,16
2687,631,2022-06-13,10
2688,1102,2023-07-23,20
2689,1183,2023-09-05,6
2690,339,2023-01-18,17
2691,1287,2022-03-13,2
2692,1264,2022-05-20,17
2693,1409,2022-08-22,16
2694,756,2023-11-02,6
2695,140,2024-07-17,19
2696,1494,2023-12-30,14
2697,823,2024-01-06,10
2698,1428,2022-01-28,8
2699,1151,2024-02-13,3
2700,1398,2024-01-21,17
2701,746,2024-05-18,20
2702,1135,2024-06-25,20
2703,241,2023-03-13,10
2704,392,2023-05-09,8
2705,136,2024-11-27,11
2706,35,2022-08-12,2
2707,391,2022-08-16,1
2708,1173,2022-02-04,16
2709,941,2023-12-31,5
2710,556,2024-07-19,14
2711,1157,2023-04-30,4
2712,1494,2023-02-18,20
2713,563,2024-05-18,19
2714,993,2022-05-25,17
2715,849,2023-07-09,11
2716,1381,2022-07-06,7
2717,1011,2022-05-18,19
2718,1116,2023-11-13,14
2719,201,2024-12-13,12
2720,1087,2023-12-14,6
2721,191,2024-11-12,16
2722,472,2024-01-25,18
2723,12,2023-06-18,17
2724,951,2022-05-27,17
2725,972,2022-06-30,7
2726,603,2022-06-03,9
2727,1096,2024-06-06,2
2728,1379,2024-04-03,7
2729,131,2023-06-02,9
2730,1165,2023-10-20,18
2731,898,2022-11-28,19
2732,1243,2024-12-30,7
2733,1177,2023-03-04,8
2734,392,2022-08-08,20
2735,1253,2024-03-28,15
2736,825,2023-11-10,3
2737,1087,2022-12-28,8
2738,686,2022-12-23,7
2739,73,2024-12-10,9
2740,443,2022-11-28,1
2741,652,2022-02-15,1
2742,1081,2024-02-17,20
2743,213,2024-02-05,20
2744,544,2023-02-13,15
2745,556,2024-12-25,16
2746,594,2022-03-17,20
2747,763,2022-06-25,10
2748,1127,2022-07-19,19
2749,1086,2023-03-05,12
2750,940,2024-10-21,1
2751,1246,2022-02-26,2
2752,691,2024-01-15,4
2753,431,2023-05-23,13
2754,200,2024-01-21,12
2755,1088,2022-01-19,10
2756,711,2022-12-20,7
2757,541,2023-12-15,9
2758,644,2022-07-26,13
2759,39,2024-11-22,5
2760,1432,2023-02-28,15
2761,318,2024-11-05,10
2762,600,2022-09-11,16
2763,158,2024-11-14,2
2764,1084,2022-11-29,15
2765,1084,2024-09-28,3
2766,1158,2023-04-17,4
2767,418,2023-07-06,3
2768,611,2023-08-17,8
2769,313,2022-03-13,3
2770,499,2024-11-03,19
2771,875,2022-09-26,14
2772,1422,2022-11-16,15
2773,1125,2022-07-27,15
2774,263,2022-06-11,9
2775,490,2024-09-21,19
2776,173,2023-01-20,12
2777,1100,2023-11-26,1
2778,1008,2023-05-27,2
2779,246,2022-07-05,5
2780,1162,2024-09-07,19
2781,1479,2023-03-22,13
2782,328,2022-08-02,18
2783,832,2023-10-03,2
2784,476,2024-06-10,2
2785,1235,2022-03-23,1
2786,749,2022-05-15,6
2787,1258,2022-04-21,18
2788,726,2023-11-10,11
2789,1111,2022-10-20,9
2790,507,2023-02-13,7
2791,1406,2022-12-22,15
2792,338,2024-04-18,1
2793,975,2024-04-10,8
2794,744,2022-06-21,3
2795,1376,2024-12-28,7
2796,1283,2022-04-06,15
2797,572,2022-11-15,1
2798,1187,2022-12-23,16
2799,97,2024-02-29,20
2800,1292,2023-06-10,5
2801,1447,2022-01-25,16
2802,1107,2022-05-21,7
2803,656,2024-08-13,15
2804,1058,2022-01-27,9
2805,1330,2022-08-06,15
2806,709,2023-06-25,1
2807,83,2022-08-26,18
2808,496,2024-03-04,12
2809,22,2022-09-26,14
2810,897,2023-07-30,5
2811,1465,2024-06-08,7
2812,1071,2024-01-19,5
2813,991,2024-03-06,4
2814,333,2024-05-24,4
2815,503,2024-08-30,17
2816,954,2023-04-29,10
2817,81,2022-09-05,16
2818,1016,2022-11-21,4
2819,213,2024-04-12,1
2820,628,2022-04-07,3
2821,1373,2024-01-07,20
2822,1390,2022-05-28,10
2823,1125,2024-03-01,12
2824,680,2022-06-24,16
2825,21,2022-05-01,7
2826,1485,2022-01-18,17
2827,1121,2024-09-14,12
2828,833,2022-05-24,5
2829,711,2023-10-04,7
2830,42,2023-08-09,2
2831,477,2023-04-12,10
2832,486,2022-04-02,1
2833,1148,2023-12-02,15
2834,931,2022-03-04,1
2835,7,2022-06-03,12
2836,991,2022-12-09,13
2837,589,2022-04-24,1
2838,710,2022-11-29,15
2839,1150,2022-01-17,7
2840,938,2022-08-15,15
2841,975,2024-02-06,3
2842,944,2022-02-11,6
2843,378,2024-05-17,9
2844,717,2024-10-17,10
2845,1329,2023-12-13,12
2846,339,2022-08-27,15
2847,1294,2024-09-07,13
2848,604,2023-12-21,20
2849,38,2024-11-02,11
2850,905,2023-07-26,10
2851,1129,2022-02-22,13
2852,25,2024-04-23,15
2853,1134,2022-03-05,17
2854,635,2024-02-12,10
2855,64,2024-11-02,9
2856,487,2022-06-06,9
2857,245,2023-06-15,2
2858,244,2023-04-01,5
2859,789,2022-07-22,7
2860,719,2024-08-04,5
2861,339,2023-10-01,14
2862,63,2024-04-14,13
2863,178,2024-06-19,2
2864,1123,2023-09-13,11
2865,134,2024-07-19,6
2866,936,2024-08-25,5
2867,533,2023-06-02,1
2868,864,2024-01-14,3
2869,288,2023-05-27,10
2870,1241,2022-12-11,19
2871,952,2022-03-16,13
2872,69,2024-01-25,16
2873,157,2023-07-07,5
2874,1275,2023-12-09,5
2875,525,2023-11-16,1
2876,959,2022-11-25,20
2877,352,2023-09-04,3
2878,1184,2023-07-17,15
2879,892,2023-11-26,14
2880,525,2024-09-25,11
2881,921,2023-02-20,13
2882,652,2022-12-10,19
2883,511,2022-08-07,18
2884,520,2024-10-03,2
2885,1313,2024-08-17,16
2886,615,2024-05-26,11
2887,493,2023-03-17,14
2888,848,2024-10-30,19
2889,1376,2023-06-14,8
2890,1470,2024-01-05,20
2891,1479,2023-09-15,6
2892,29,2024-02-02,20
2893,505,2024-06-23,7
2894,368,2022-11-18,12
2895,441,2024-05-28,10
2896,46,2023-11-24,3
2897,364,2023-08-02,15
2898,1313,2022-07-15,20
2899,848,2022-01-06,19
2900,678,2022-11-26,9
2901,829,2022-05-07,1
2902,472,2024-07-11,11
2903,189,2022-07-18,14
2904,590,2023-04-02,9
2905,840,2024-06-11,7
2906,788,2024-05-23,10
2907,894,2022-04-05,2
2908,576,2023-04-18,17
2909,1165,2023-06-25,9
2910,70,2022-07-03,1
2911,1434,2023-06-04,5
2912,982,2022-02-20,18
2913,939,2023-09-22,2
2914,26,2023-04-08,16
2915,529,2024-07-01,17
2916,747,2023-09-15,8
2917,855,2024-11-04,13
2918,951,2022-12-05,20
2919,1072,2024-09-21,16
2920,962,2023-07-19,19
2921,1434,2023-02-09,2
2922,60,2024-12-29,12
2923,1043,2023-08-12,7
2924,227,2022-08-12,12
2925,208,2023-01-23,20
2926,880,2023-12-24,4
2927,239,2024-07-12,3
2928,67,2022-11-27,18
2929,1097,2023-03-16,8
2930,355,2023-08-27,15
2931,357,2023-02-13,15
2932,1400,2023-05-27,12
2933,345,2023-11-20,4
2934,652,2023-06-06,4
2935,1335,2024-05-13,16
2936,542,2023-07-25,3
2937,1348,2023-10-07,4
2938,1328,2022-01-02,11
2939,630,2022-12-18,15
2940,316,2023-06-15,3
2941,339,2022-06-11,9
2942,681,2024-05-02,3
2943,865,2024-01-19,13
2944,628,2023-09-26,14
2945,907,2023-07-20,5
2946,561,2023-07-30,17
2947,423,2022-08-12,14
2948,1217,2022-05-19,18
2949,859,2024-07-19,9
2950,1264,2022-03-30,20
2951,1090,2022-10-12,19
2952,1313,2023-10-21,16
2953,1222,2024-03-01,11
2954,33,2024-10-08,17
2955,342,2024-03-28,19
2956,1360,2024-12-22,18
2957,896,2024-06-21,19
2958,951,2024-09-06,10
2959,1393,2024-03-15,13
2960,598,2024-02-12,19
2961,926,2024-05-07,16
2962,522,2024-06-29,20
2963,1207,2024-12-28,1
2964,830,2023-11-07,15
2965,1067,2023-02-13,16
2966,1121,2022-04-17,6
2967,63,2024-03-28,3
2968,1166,2022-04-27,13
2969,1423,2023-08-25,17
2970,884,2024-09-22,20
2971,1441,2022-11-19,14
2972,1244,2023-12-20,1
2973,1274,2024-02-06,18
2974,28,2024-08-27,4
2975,1318,2024-08-12,16
2976,120,2023-08-26,20
2977,1119,2023-04-02,3
2978,1062,2024-03-30,20
2979,1073,2022-05-31,16
2980,554,2023-02-06,5
2981,1126,2022-09-03,13
2982,780,2023-09-27,5
2983,878,2023-11-08,14
2984,1019,2023-09-24,15
2985,100,2024-06-11,5
2986,1430,2022-07-23,9
2987,1268,2023-03-30,1
2988,621,2024-05-14,16
2989,273,2023-10-07,16
2990,1049,2023-02-19,17
2991,47,2022-05-11,14
2992,981,2022-10-19,8
2993,1053,2024-10-01,3
2994,322,2024-10-23,10
2995,1480,2023-02-19,5
2996,585,2022-01-26,13
2997,644,2022-02-05,15
2998,767,2022-03-25,2
2999,1372,2022-12-19,11
3000,721,2024-09-11,9
3001,1448,2024-02-27,20
3002,1466,2022-11-04,3
3003,979,2022-01-26,2
3004,605,2024-10-26,18
3005,614,2022-07-09,1
3006,847,2022-05-06,2
3007,330,2023-08-10,14
3008,671,2024-04-12,9
3009,1020,2022-09-13,14
3010,1240,2023-01-01,7
3011,144,2023-05-12,14
3012,847,2024-02-04,19
3013,1206,2023-03-22,1
3014,1367,2023-09-07,8
3015,1192,2022-05-18,20
3016,470,2022-12-24,15
3017,529,2023-07-02,7
3018,369,2023-01-12,7
3019,231,2024-01-07,10
3020,1374,2024-11-03,12
3021,1343,2023-11-05,2
3022,669,2022-05-25,14
3023,233,2022-04-09,3
3024,393,2024-04-29,17
3025,485,2022-10-19,15
3026,1237,2024-06-26,4
3027,297,2023-02-27,8
3028,62,2024-05-21,3
3029,1111,2024-10-07,6
3030,697,2022-09-10,4
3031,402,2024-08-31,16
3032,744,2022-03-29,7
3033,1160,2023-06-06,9
3034,392,2022-05-21,15
3035,729,2022-11-22,12
3036,188,2024-01-20,15
3037,850,2023-11-25,5
3038,959,2022-06-28,11
3039,1379,2024-10-31,10
3040,286,2022-05-24,7
3041,1172,2024-02-12,3
3042,146,2023-01-09,14
3043,1244,2024-11-28,20
3044,214,2023-08-14,19
3045,1312,2024-12-17,10
3046,282,2023-03-06,20
3047,751,2024-04-03,1
3048,1392,2023-02-18,6
3049,183,2022-10-12,3
3050,114,2023-08-06,5
3051,1049,2023-01-23,8
3052,1140,2023-09-03,10
3053,529,2024-10-17,18
3054,671,2023-07-16,15
3055,877,2024-10-21,5
3056,278,2024-05-19,2
3057,366,2023-10-27,19
3058,1021,2024-01-01,2
3059,410,2023-12-15,17
3060,1128,2023-12-02,14
3061,376,2022-11-28,5
3062,635,2024-06-19,20
3063,770,2022-12-07,3
3064,1445,2023-04-17,3
3065,1072,2024-04-02,13
3066,1367,2022-08-20,10
3067,998,2023-04-02,6
3068,808,2023-12-13,2
3069,365,2023-01-18,11
3070,1038,2023-01-30,2
3071,134,2023-01-04,20
3072,754,2022-01-31,12
3073,158,2023-10-14,6
3074,984,2022-01-09,5
3075,163,2024-01-16,17
3076,906,2023-08-22,9
3077,248,2023-04-24,19
3078,418,2023-11-26,19
3079,366,2024-01-07,11
3080,1455,2024-12-02,11
3081,828,2022-12-02,14
3082,577,2024-08-31,13
3083,131,2024-12-26,9
3084,577,2024-08-20,20
3085,341,2024-07-18,4
3086,557,2024-02-13,11
3087,454,2022-09-28,13
3088,975,2024-09-05,17
3089,241,2023-09-09,20
3090,581,2024-07-06,1
3091,1343,2023-12-04,16
3092,1174,2024-02-03,8
3093,1452,2022-04-08,7
3094,192,2022-05-21,9
3095,94,2024-03-16,7
3096,1236,2024-10-27,10
3097,214,2024-08-21,7
3098,877,2023-05-23,12
3099,630,2022-05-29,6
3100,639,2022-09-01,6
3101,1337,2022-02-25,16
3102,139,2023-11-09,10
3103,466,2022-12-26,20
3104,615,2024-01-18,4
3105,1277,2024-02-11,4
3106,19,2022-01-08,14
3107,1233,2022-05-12,3
3108,1399,2024-04-24,9
3109,406,2023-07-16,18
3110,482,2024-09-25,19
3111,1243,2023-07-27,19
3112,708,2024-03-20,10
3113,874,2022-10-03,11
3114,369,2022-11-14,8
3115,989,2023-10-09,17
3116,678,2023-04-16,15
3117,131,2022-06-03,5
3118,1324,2022-05-09,6
3119,389,2024-02-24,20
3120,279,2023-07-18,19
3121,918,2024-08-12,6
3122,1493,2023-07-29,15
3123,98,2022-07-22,20
3124,1480,2024-11-23,16
3125,44,2023-10-21,7
3126,1277,2023-04-16,6
3127,605,2023-08-28,5
3128,1344,2023-02-09,19
3129,263,2023-04-06,9
3130,556,2022-07-06,1
3131,228,2022-08-06,18
3132,556,2023-05-07,3
3133,1252,2022-05-10,17
3134,430,2022-05-23,4
3135,17,2023-06-09,15
3136,1423,2023-05-07,17
3137,810,2024-04-20,2
3138,593,2022-06-25,5
3139,1374,2022-11-14,6
3140,884,2022-07-13,20
3141,89,2024-10-05,13
3142,282,2023-04-21,12
3143,1097,2024-11-16,20
3144,507,2023-03-27,10
3145,337,2022-11-09,1
3146,991,2024-09-20,11
3147,441,2024-08-05,7
3148,1156,2024-03-02,11
3149,489,2023-02-28,1
3150,1279,2024-11-15,17
3151,986,2024-04-05,16
3152,276,2024-07-06,10
3153,187,2024-10-21,18
3154,1075,2022-02-17,9
3155,894,2024-10-17,1
3156,1134,2024-08-28,16
3157,157,2022-02-22,15
3158,979,2024-08-29,9
3159,861,2022-09-25,18
3160,671,2023-05-23,2
3161,1487,2023-05-11,3
3162,1454,2022-08-16,5
3163,871,2023-06-08,11
3164,1277,2024-05-30,2
3165,126,2024-07-01,6
3166,393,2022-08-30,12
3167,1311,2023-10-01,16
3168,997,2023-05-05,15
3169,447,2022-09-07,2
3170,1477,2022-02-11,9
3171,441,2024-01-19,13
3172,825,2024-02-09,7
3173,1131,2023-07-14,12
3174,746,2023-07-04,12
3175,970,2023-05-13,14
3176,26,2022-11-07,17
3177,77,2024-06-10,15
3178,1395,2022-09-14,4
3179,149,2023-09-02,7
3180,794,2024-02-12,6
3181,875,2024-12-07,1
3182,47,2022-02-28,10
3183,650,2024-11-04,9
3184,169,2023-12-24,1
3185,76,2022-10-12,2
3186,474,2023-12-27,16
3187,275,2024-01-29,17
3188,1325,2024-03-27,18
3189,255,2023-11-25,17
3190,1462,2023-10-11,1
3191,344,2024-12-11,12
3192,1329,2023-08-04,5
3193,307,2022-10-10,15
3194,60,2024-02-01,4
3195,990,2024-08-18,14
3196,1496,2022-11-12,6
3197,685,2023-01-21,12
3198,33,2022-12-20,1
3199,865,2022-02-12,20
3200,1249,2024-11-07,1
3201,853,2023-08-26,7
3202,497,2024-07-06,15
3203,81,2024-10-25,5
3204,1423,2023-11-28,10
3205,20,2024-01-07,10
3206,572,2023-12-31,7
3207,1207,2024-09-24,10
3208,154,2023-11-17,11
3209,1321,2022-08-05,11
3210,1140,2024-03-13,8
3211,207,2023-06-14,9
3212,1393,2024-02-12,9
3213,431,2023-02-03,9
3214,305,2023-04-15,2
3215,1367,2022-07-27,7
3216,171,2023-05-28,14
3217,476,2024-11-05,5
3218,716,2024-05-30,13
3219,40,2022-03-28,14
3220,1464,2022-06-30,10
3221,820,2022-06-02,5
3222,867,2023-10-02,14
3223,418,2024-02-01,10
3224,374,2022-05-28,2
3225,1002,2023-05-13,16
3226,330,2024-07-16,2
3227,163,2022-05-02,9
3228,36,2022-06-08,1
3229,1081,2023-05-01,12
3230,440,2023-09-30,13
3231,763,2022-06-20,11
3232,594,2022-10-10,18
3233,691,2023-08-11,12
3234,1133,2022-07-25,16
3235,412,2024-08-05,1
3236,1086,2023-10-18,13
3237,695,2022-01-13,5
3238,1303,2023-07-05,14
3239,216,2022-06-11,11
3240,750,2023-11-29,15
3241,698,2022-08-02,1
3242,400,2023-03-29,10
3243,1254,2022-05-16,16
3244,660,2022-06-15,8
3245,1203,2024-10-25,6
3246,1162,2023-11-12,18
3247,1333,2024-02-05,14
3248,1360,2023-11-08,15
3249,214,2023-05-06,1
3250,1022,2022-08-02,1
3251,712,2024-10-28,4
3252,986,2022-12-17,15
3253,489,2023-06-28,6
3254,1434,2022-01-26,12
3255,795,2024-01-12,1
3256,1284,2023-03-28,1
3257,1229,2024-09-25,20
3258,1348,2024-11-28,13
3259,954,2023-07-09,19
3260,640,2024-07-08,15
3261,895,2024-06-17,10
3262,1104,2023-11-20,17
3263,1259,2023-01-01,12
3264,1367,2023-03-04,6
3265,125,2023-09-28,4
3266,51,2022-10-16,20
3267,765,2022-03-30,20
3268,865,2023-11-30,16
3269,458,2022-11-29,10
3270,167,2023-06-11,15
3271,1390,2022-02-16,2
3272,1358,2022-07-21,16
3273,378,2024-10-04,13
3274,1383,2022-03-08,16
3275,1324,2022-09-07,11
3276,391,2022-06-09,19
3277,1374,2024-08-19,14
3278,169,2023-04-10,1
3279,1173,2024-03-08,1
3280,959,2024-12-05,9
3281,548,2024-08-05,8
3282,584,2023-05-29,19
3283,1038,2022-04-09,3
3284,1141,2024-04-07,12
3285,139,2024-06-19,3
3286,443,2022-07-21,11
3287,713,2024-10-26,20
3288,274,2022-02-15,17
3289,1225,2022-03-15,16
3290,1149,2024-01-24,8
3291,412,2022-12-12,16
3292,405,2022-05-01,1
3293,1342,2024-02-05,4
3294,354,2024-05-24,18
3295,347,2023-01-07,4
3296,1307,2023-01-03,14
3297,435,2023-11-10,11
3298,989,2022-03-25,11
3299,682,2023-09-12,1
3300,216,2023-06-18,6
3301,450,2024-05-29,15
3302,140,2023-10-19,14
3303,1486,2024-05-28,1
3304,469,2023-07-05,1
3305,620,2022-10-14,11
3306,1089,2023-04-22,16
3307,853,2023-05-24,10
3308,32,2023-11-12,7
3309,1347,2023-04-21,12
3310,953,2023-06-19,14
3311,788,2022-10-28,6
3312,1231,2024-02-28,17
3313,1062,2022-03-21,15
3314,1321,2023-07-17,3
3315,121,2022-05-09,15
3316,436,2024-11-21,19
3317,1406,2022-02-11,12
3318,285,2022-07-01,19
3319,1421,2022-06-24,5
3320,126,2024-04-28,10
3321,791,2023-03-15,17
3322,1135,2024-05-26,10
3323,940,2024-01-04,17
3324,364,2024-06-23,16
3325,1076,2022-01-08,15
3326,1343,2022-03-26,14
3327,846,2024-04-28,7
3328,832,2022-03-15,11
3329,964,2023-04-12,7
3330,899,2023-06-09,19
3331,675,2022-03-02,20
3332,1136,2022-11-11,15
3333,554,2024-05-29,4
3334,165,2022-07-18,8
3335,125,2023-03-13,1
3336,1459,2024-05-31,15
3337,1114,2022-08-10,1
3338,1059,2022-12-14,7
3339,1359,2022-10-20,11
3340,1104,2022-12-27,3
3341,249,2023-12-12,14
3342,1006,2022-03-03,5
3343,136,2022-12-09,1
3344,966,2024-10-04,16
3345,691,2023-12-09,16
3346,1117,2024-02-24,6
3347,1410,2023-01-29,5
3348,579,2023-10-18,15
3349,421,2022-07-30,5
3350,1168,2024-04-28,7
3351,846,2023-11-18,14
3352,761,2023-05-23,3
3353,1148,2023-07-06,5
3354,1127,2022-10-15,17
3355,1191,2022-08-23,11
3356,883,2022-11-10,17
3357,1075,2023-03-26,16
3358,674,2023-01-23,12
3359,705,2024-09-24,20
3360,864,2022-10-15,1
3361,1050,2024-07-28,10
3362,461,2023-01-28,12
3363,211,2024-05-13,2
3364,374,2023-08-09,5
3365,1312,2024-08-10,13
3366,1121,2022-08-11,9
3367,1463,2022-11-21,8
3368,476,2024-12-12,19
3369,818,2022-06-21,3
3370,1493,2023-01-24,4
3371,155,2023-07-07,3
3372,900,2024-01-29,8
3373,1255,2023-06-20,13
3374,763,2023-10-20,15
3375,176,2022-01-18,19
3376,1274,2024-08-30,11
3377,480,2023-06-10,16
3378,821,2024-05-14,19
3379,391,2024-06-03,19
3380,389,2023-11-11,4
3381,1128,2024-11-14,20
3382,350,2024-10-28,11
3383,1135,2023-04-19,13
3384,639,2023-08-13,9
3385,833,2023-02-06,4
3386,936,2022-06-24,20
3387,599,2023-09-03,15
3388,432,2023-10-24,10
3389,818,2024-12-08,4
3390,222,2024-11-08,18
3391,940,2023-04-15,15
3392,1025,2024-07-17,1
3393,1041,2022-03-30,9
3394,697,2022-01-08,7
3395,324,2023-12-02,13
3396,2,2022-11-28,19
3397,676,2022-06-19,8
3398,1245,2023-01-08,12
3399,337,2024-12-12,20
3400,1331,2022-07-16,20
3401,937,2023-04-02,20
3402,748,2024-11-06,6
3403,1446,2023-09-22,15
3404,551,2024-02-28,4
3405,626,2023-01-30,19
3406,913,2024-08-29,8
3407,400,2022-07-23,5
3408,1266,2022-10-31,14
3409,444,2023-09-15,16
3410,828,2024-03-20,9
3411,1358,2024-03-04,12
3412,1080,2022-02-25,4
3413,485,2024-07-29,20
3414,497,2024-06-14,2
3415,203,2024-01-23,8
3416,473,2024-09-25,12
3417,981,2023-11-25,7
3418,1087,2022-01-08,4
3419,1199,2023-06-29,20
3420,277,2022-12-10,13
3421,1424,2024-11-17,9
3422,208,2022-06-17,17
3423,868,2023-12-02,7
3424,489,2024-07-23,3
3425,1323,2023-01-05,3
3426,1429,2022-03-10,4
3427,958,2022-12-15,15
3428,1036,2024-12-17,2
3429,859,2022-04-14,3
3430,388,2024-11-18,11
3431,762,2022-10-23,5
3432,1179,2023-04-21,16
3433,742,2024-02-25,8
3434,827,2023-04-30,8
3435,895,2022-01-07,13
3436,1143,2023-10-14,11
3437,1213,2022-07-20,19
3438,377,2022-03-22,13
3439,334,2022-06-16,1
3440,262,2023-04-07,20
3441,226,2022-08-08,12
3442,581,2024-11-24,1
3443,275,2022-10-16,11
3444,161,2022-12-21,1
3445,622,2024-01-17,3
3446,1002,2023-11-28,15
3447,790,2024-04-15,9
3448,1324,2022-10-07,16
3449,1394,2023-12-20,7
3450,922,2022-03-12,17
3451,207,2024-01-07,3
3452,826,2022-01-26,14
3453,355,2024-07-28,20
3454,700,2024-01-09,1
3455,1273,2024-08-31,14
3456,46,2024-01-25,17
3457,280,2024-07-19,13
3458,508,2023-03-24,2
3459,829,2024-09-28,13
3460,1061,2022-11-10,15
3461,591,2022-02-10,11
3462,1084,2022-02-18,7
3463,1302,2023-10-16,1
3464,282,2023-12-19,15
3465,228,2024-05-22,16
3466,1462,2023-03-16,16
3467,152,2024-08-22,14
3468,1449,2024-04-13,15
3469,1077,2022-08-24,4
3470,579,2022-09-23,8
3471,1469,2022-05-02,2
3472,127,2024-04-26,13
3473,617,2023-04-20,17
3474,198,2024-01-02,16
3475,174,2022-03-07,11
3476,483,2022-03-16,5
3477,1317,2024-04-05,8
3478,915,2022-03-23,17
3479,829,2024-12-13,8
3480,404,2024-01-16,1
3481,1201,2024-09-22,3
3482,21,2024-09-23,7
3483,263,2022-07-08,11
3484,162,2022-10-08,19
3485,823,2024-04-23,13
3486,1042,2022-08-05,17
3487,647,2024-11-12,20
3488,396,2023-11-30,16
3489,1295,2022-03-02,11
3490,522,2022-02-01,4
3491,1083,2022-02-27,17
3492,711,2022-07-03,7
3493,644,2024-10-25,9
3494,1187,2023-11-09,4
3495,283,2024-08-11,10
3496,619,2024-10-24,18
3497,1451,2023-02-09,10
3498,89,2024-11-10,2
3499,40,2024-04-19,2
3500,1124,2024-04-11,10
3501,346,2023-09-06,10
3502,1103,2024-10-19,11
3503,1185,2024-05-01,19
3504,771,2023-12-31,6
3505,221,2024-10-11,11
3506,1041,2022-05-17,12
3507,964,2024-05-14,2
3508,1412,2022-11-09,16
3509,510,2022-07-24,13
3510,173,2022-01-29,6
3511,104,2024-06-18,2
3512,1279,2023-12-07,12
3513,963,2024-07-16,16
3514,140,2023-06-28,17
3515,317,2023-04-10,11
3516,306,2022-01-31,13
3517,692,2023-03-27,10
3518,828,2022-03-01,15
3519,881,2024-09-12,7
3520,806,2024-06-02,3
3521,450,2023-02-18,14
3522,430,2023-03-12,19
3523,1034,2024-08-02,20
3524,1199,2023-08-12,5
3525,941,2022-06-26,20
3526,1001,2023-04-29,5
3527,1394,2024-09-28,1
3528,433,2022-04-01,11
3529,852,2024-11-01,17
3530,884,2023-05-21,6
3531,363,2024-03-19,10
3532,786,2024-07-06,5
3533,125,2022-09-25,20
3534,1163,2023-12-14,11
3535,949,2022-04-07,15
3536,976,2024-04-01,14
3537,307,2024-11-27,15
3538,39,2022-09-04,4
3539,555,2023-07-04,16
3540,1074,2022-10-10,4
3541,1260,2023-02-15,6
3542,1310,2022-01-16,5
3543,190,2022-09-21,8
3544,684,2024-09-18,16
3545,401,2024-03-25,15
3546,1184,2022-01-08,8
3547,544,2022-12-07,8
3548,815,2024-05-04,13
3549,426,2023-08-20,4
3550,970,2023-11-15,13
3551,353,2024-12-16,16
3552,191,2022-04-18,18
3553,315,2024-11-12,7
3554,612,2022-07-17,19
3555,1091,2024-02-20,17
3556,204,2023-01-16,16
3557,393,2023-04-13,2
3558,395,2022-03-05,4
3559,720,2022-06-04,17
3560,1407,2023-02-10,3
3561,1345,2024-09-21,17
3562,51,2023-10-25,6
3563,13,2022-06-16,1
3564,1496,2022-09-17,17
3565,925,2022-12-12,14
3566,1428,2022-07-10,20
3567,1051,2024-02-24,11
3568,659,2023-09-08,18
3569,942,2023-10-31,14
3570,309,2023-07-05,16
3571,1115,2024-05-06,6
3572,427,2022-01-25,9
3573,1220,2023-08-18,13
3574,1094,2022-10-26,9
3575,296,2024-07-14,14
3576,465,2024-11-28,11
3577,194,2023-04-10,10
3578,191,2023-05-01,2
3579,569,2022-08-08,1
3580,1023,2023-08-13,5
3581,893,2024-10-03,6
3582,1114,2024-01-31,10
3583,151,2023-01-17,6
3584,1151,2023-10-01,11
3585,911,2024-05-23,2
3586,1181,2023-06-28,7
3587,1057,2024-03-19,15
3588,71,2023-11-02,18
3589,544,2024-05-30,17
3590,995,2023-03-26,13
3591,107,2024-06-16,7
3592,1061,2023-06-27,20
3593,447,2023-02-16,7
3594,999,2024-09-29,10
3595,183,2024-04-04,6
3596,854,2022-05-28,10
3597,619,2023-10-09,3
3598,867,2023-04-19,14
3599,3,2022-05-31,8
3600,65,2024-11-03,3
3601,1291,2023-05-14,6
3602,519,2024-09-23,9
3603,255,2024-06-23,20
3604,640,2024-06-26,16
3605,674,2024-08-28,10
3606,1080,2023-03-19,13
3607,1482,2024-05-28,8
3608,909,2024-07-09,17
3609,1318,2024-03-28,7
3610,823,2024-08-03,15
3611,729,2023-10-25,6
3612,246,2023-12-11,8
3613,147,2023-10-09,10
3614,252,2024-09-10,18
3615,228,2024-10-01,4
3616,1070,2024-01-02,15
3617,773,2024-12-03,5
3618,1321,2023-12-18,5
3619,705,2022-12-19,17
3620,391,2022-11-26,19
3621,111,2024-04-12,2
3622,871,2022-01-12,6
3623,1354,2023-01-18,10
3624,1297,2023-11-16,15
3625,383,2022-03-19,18
3626,1065,2023-11-01,17
3627,370,2022-02-16,2
3628,1306,2024-12-17,19
3629,1082,2023-03-24,15
3630,1414,2022-05-15,2
3631,607,2024-07-24,8
3632,274,2023-03-14,6
3633,1084,2023-11-08,2
3634,23,2023-02-06,9
3635,119,2022-07-13,1
3636,1045,2024-09-29,9
3637,1016,2024-10-15,3
3638,872,2022-09-29,7
3639,1320,2023-11-27,14
3640,1410,2023-10-14,2
3641,974,2023-11-18,8
3642,462,2024-10-05,4
3643,1261,2022-07-24,13
3644,1186,2024-09-20,2
3645,1379,2022-01-07,15
3646,351,2023-06-03,11
3647,1486,2023-02-02,11
3648,57,2024-02-03,14
3649,849,2022-07-04,5
3650,766,2023-06-17,4
3651,1026,2024-03-13,12
3652,747,2024-10-02,3
3653,1173,2024-05-18,15
3654,384,2022-07-03,6
3655,447,2022-03-29,11
3656,1158,2024-10-02,3
3657,827,2023-03-21,16
3658,1032,2022-03-08,5
3659,67,2024-05-29,3
3660,537,2023-09-22,18
3661,809,2024-02-06,4
3662,391,2022-09-17,10
3663,112,2024-11-10,16
3664,1200,2022-08-16,20
3665,1236,2022-12-20,16
3666,247,2023-05-09,12
3667,1419,2022-07-09,7
3668,1479,2024-07-10,4
3669,797,2022-12-16,14
3670,15,2023-03-07,18
3671,943,2023-02-24,7
3672,1346,2022-08-21,15
3673,214,2022-11-03,9
3674,1364,2024-07-25,1
3675,670,2022-06-02,1
3676,100,2023-01-23,2
3677,107,2022-09-05,13
3678,42,2024-02-09,3
3679,477,2024-05-20,20
3680,385,2024-02-24,3
3681,784,2023-01-29,7
3682,214,2022-06-04,14
3683,1434,2024-01-25,4
3684,892,2024-10-23,18
3685,698,2022-09-01,16
3686,491,2023-08-07,1
3687,1203,2024-11-05,9
3688,1215,2022-10-15,13
3689,1039,2022-12-29,18
3690,528,2022-08-05,2
3691,1189,2024-12-20,13
3692,647,2023-05-30,14
3693,1078,2022-09-27,3
3694,575,2022-02-14,12
3695,886,2024-08-17,2
3696,959,2023-11-16,4
3697,1444,2023-01-01,4
3698,851,2022-06-08,14
3699,1255,2023-05-19,1
3700,775,2023-08-16,9
3701,943,2023-07-02,5
3702,321,2024-05-26,1
3703,822,2024-12-13,4
3704,589,2024-09-16,5
3705,93,2024-02-04,17
3706,1468,2024-09-18,17
3707,453,2022-12-29,4
3708,614,2023-09-30,10
3709,280,2022-04-09,4
3710,353,2024-06-03,10
3711,850,2024-02-24,19
3712,1449,2022-07-19,3
3713,173,2024-05-27,7
3714,877,2022-01-22,6
3715,546,2023-04-27,13
3716,1070,2023-08-21,6
3717,601,2022-08-16,7
3718,114,2022-12-12,15
3719,371,2023-12-16,10
3720,998,2024-09-09,17
3721,1416,2024-12-20,6
3722,1055,2022-07-15,1
3723,821,2023-03-20,18
3724,458,2023-04-18,15
3725,1441,2023-03-07,10
3726,650,2024-01-03,14
3727,645,2023-04-19,8
3728,999,2024-05-12,14
3729,843,2023-10-03,3
3730,775,2024-09-10,9
3731,1386,2023-09-23,1
3732,1497,2022-06-11,18
3733,1350,2023-08-01,8
3734,909,2022-01-05,18
3735,1390,2024-12-01,8
3736,885,2022-12-15,19
3737,51,2024-03-30,12
3738,212,2023-11-16,4
3739,226,2024-12-07,14
3740,644,2024-03-09,18
3741,807,2024-07-03,7
3742,1191,2022-07-02,5
3743,99,2024-07-24,6
3744,1490,2022-06-08,1
3745,260,2023-02-22,13
3746,1183,2022-07-06,3
3747,1380,2024-03-14,18
3748,934,2022-06-24,10
3749,283,2024-05-01,6
3750,599,2023-05-26,7
3751,15,2022-07-14,9
3752,1440,2023-02-21,3
3753,1013,2022-08-29,15
3754,934,2022-08-19,6
3755,1466,2023-01-17,9
3756,1344,2024-07-16,12
3757,1300,2023-04-10,3
3758,127,2023-07-22,2
3759,289,2024-02-23,16
3760,23,2023-02-13,19
3761,588,2022-12-28,13
3762,1239,2022-06-12,20
3763,540,2024-07-18,4
3764,144,2023-07-21,4
3765,1212,2024-09-06,15
3766,779,2023-11-27,9
3767,1262,2022-03-21,7
3768,1320,2023-04-10,18
3769,144,2023-04-17,12
3770,1267,2024-10-15,2
3771,612,2024-10-15,19
3772,656,2024-04-07,17
3773,78,2023-04-28,18
3774,1100,2022-04-11,18
3775,1389,2024-08-07,3
3776,1171,2023-11-11,3
3777,223,2022-11-16,4
3778,737,2022-10-25,8
3779,974,2023-09-03,20
3780,231,2023-05-13,7
3781,274,2022-12-07,6
3782,1186,2022-10-06,10
3783,301,2024-02-09,2
3784,730,2023-10-08,7
3785,1439,2023-09-21,14
3786,897,2023-06-30,13
3787,454,2024-08-13,4
3788,497,2023-12-23,8
3789,801,2024-07-07,15
3790,874,2023-05-27,7
3791,1053,2023-10-14,3
3792,339,2023-04-17,19
3793,1292,2023-02-24,17
3794,64,2024-02-03,7
3795,747,2024-03-03,19
3796,1042,2023-01-13,16
3797,1338,2022-01-30,12
3798,640,2023-08-09,8
3799,260,2024-11-04,6
3800,1012,2022-06-26,19
3801,76,2023-05-02,2
3802,66,2022-06-25,4
3803,807,2022-07-11,6
3804,1324,2023-07-13,10
3805,149,2022-02-03,1
3806,124,2023-07-29,11
3807,618,2023-10-22,11
3808,870,2024-12-07,12
3809,927,2023-01-18,3
3810,575,2023-10-10,3
3811,1255,2022-11-09,16
3812,1183,2022-07-26,16
3813,696,2022-01-23,1
3814,1349,2024-06-10,5
3815,244,2024-07-20,10
3816,909,2024-03-27,1
3817,851,2023-01-26,20
3818,1435,2023-12-22,11
3819,1065,2024-01-12,15
3820,470,2023-12-14,11
3821,255,2023-06-23,10
3822,1139,2024-06-22,1
3823,465,2022-06-29,8
3824,83,2022-02-04,1
3825,235,2023-10-27,18
3826,500,2024-04-18,12
3827,64,2023-11-06,7
3828,437,2023-07-03,2
3829,682,2024-04-28,13
3830,332,2023-05-12,5
3831,1274,2023-09-11,2
3832,860,2022-06-02,12
3833,368,2024-07-24,20
3834,1473,2024-12-17,5
3835,1131,2024-03-31,13
3836,166,2023-11-28,14
3837,1322,2024-05-02,13
3838,334,2024-11-11,18
3839,145,2023-10-22,14
3840,656,2024-01-19,13
3841,1280,2022-09-07,5
3842,23,2024-02-08,16
3843,597,2024-07-19,7
3844,145,2024-10-02,13
3845,577,2022-09-11,7
3846,1475,2022-03-08,17
3847,445,2023-12-17,8
3848,1232,2022-09-01,5
3849,1165,2022-12-24,19
3850,40,2024-02-15,9
3851,818,2023-11-17,3
3852,1031,2022-02-09,10
3853,779,2022-10-20,19
3854,1307,2022-11-02,13
3855,904,2023-02-25,3
3856,1060,2023-01-05,9
3857,1272,2024-11-05,18
3858,1470,2022-03-13,6
3859,388,2022-06-07,19
3860,1236,2024-08-20,1
3861,96,2023-03-09,20
3862,137,2023-01-16,16
3863,705,2024-09-21,10
3864,1193,2022-07-09,10
3865,896,2024-07-05,13
3866,1016,2022-03-31,9
3867,962,2024-12-11,18
3868,114,2022-07-16,7
3869,949,2022-11-12,11
3870,1323,2022-11-21,16
3871,231,2023-06-03,7
3872,621,2024-06-05,14
3873,201,2023-10-13,16
3874,1452,2024-09-02,3
3875,1350,2023-12-27,16
3876,1337,2022-06-24,11
3877,1014,2023-10-26,6
3878,444,2023-09-04,10
3879,1051,2022-01-09,20
3880,1468,2023-02-25,1
3881,98,2022-12-23,9
3882,1274,2023-08-07,16
3883,863,2023-07-10,5
3884,823,2023-09-09,11
3885,610,2024-05-14,10
3886,133,2022-08-05,16
3887,460,2023-03-12,18
3888,763,2024-04-01,18
3889,983,2024-03-16,17
3890,306,2023-01-08,19
3891,1339,2023-04-17,9
3892,894,2024-05-31,16
3893,1000,2022-08-03,2
3894,1009,2022-01-20,1
3895,1089,2023-04-06,19
3896,1255,2022-08-18,16
3897,555,2024-03-11,5
3898,1339,2024-08-18,10
3899,589,2023-01-22,9
3900,638,2023-03-18,1
3901,234,2023-05-24,11
3902,1144,2024-10-31,17
3903,1143,2022-02-01,8
3904,1133,2024-09-19,20
3905,905,2022-08-02,9
3906,561,2022-02-03,13
3907,821,2023-09-14,16
3908,1160,2023-07-07,18
3909,147,2024-04-16,1
3910,463,2022-10-18,11
3911,387,2024-01-27,15
3912,1463,2023-02-12,5
3913,1086,2024-10-11,6
3914,1203,2023-02-25,18
3915,907,2023-04-06,16
3916,1403,2024-01-21,15
3917,1387,2023-10-04,9
3918,213,2023-12-11,1
3919,287,2023-08-24,12
3920,479,2023-08-16,8
3921,809,2022-04-06,2
3922,802,2023-07-13,9
3923,376,2023-05-04,16
3924,232,2023-03-22,19
3925,1367,2022-04-14,19
3926,1312,2022-01-01,14
3927,1103,2024-06-01,9
3928,531,2024-09-12,11
3929,141,2023-01-27,1
3930,1026,2023-02-17,14
3931,628,2022-02-04,4
3932,610,2024-04-21,12
3933,1403,2023-06-19,3
3934,422,2023-10-31,3
3935,1458,2024-06-17,14
3936,1139,2024-11-19,10
3937,596,2022-05-07,4
3938,607,2024-08-01,4
3939,814,2022-07-10,4
3940,75,2022-06-29,8
3941,156,2024-09-12,18
3942,446,2023-12-15,5
3943,1433,2024-08-01,2
3944,408,2022-08-23,12
3945,176,2022-12-03,6
3946,1052,2022-05-02,13
3947,1303,2022-02-13,19
3948,979,2024-06-24,11
3949,916,2023-03-01,20
3950,938,2023-10-23,5
3951,1059,2022-03-18,8
3952,717,2022-09-26,10
3953,695,2023-07-19,20
3954,586,2024-08-29,4
3955,918,2023-04-06,6
3956,1392,2023-01-11,10
3957,934,2023-01-16,13
3958,1465,2024-10-05,19
3959,28,2023-09-25,15
3960,890,2023-09-06,2
3961,659,2024-02-27,19
3962,547,2023-12-21,19
3963,1273,2023-04-30,9
3964,1069,2022-12-24,14
3965,1010,2023-12-02,18
3966,801,2022-04-02,11
3967,882,2024-12-19,10
3968,1426,2023-11-16,8
3969,178,2023-10-07,6
3970,941,2023-07-10,7
3971,1431,2022-12-01,13
3972,409,2024-02-23,10
3973,24,2024-04-17,18
3974,929,2022-07-13,1
3975,577,2022-10-28,20
3976,806,2022-05-24,15
3977,148,2023-07-29,16
3978,153,2024-12-01,9
3979,1199,2022-05-02,15
3980,1073,2023-06-11,17
3981,549,2024-07-30,15
3982,1207,2023-12-10,2
3983,1171,2023-07-30,2
3984,350,2022-01-23,16
3985,1470,2022-04-26,6
3986,1424,2024-09-16,15
3987,129,2024-04-16,19
3988,430,2024-12-15,15
3989,1169,2023-07-05,20
3990,168,2022-12-08,15
3991,534,2022-03-28,5
3992,966,2022-09-01,13
3993,316,2023-05-05,16
3994,484,2024-03-21,11
3995,1435,2023-04-03,6
3996,737,2024-10-17,3
3997,1405,2023-11-30,6
3998,1346,2024-08-23,1
3999,94,2022-06-22,4
4000,163,2024-12-15,10
